Time,Day_of_week,Age_band_of_driver,Drivers_gender,Educational_level,Vehicle_driver_relation,Driving_experience,Type_of_vehicle,Owner_of_vehicle,Service_year_of_vehicle,Defect_of_vehicle,Area_accident_occured,Lanes_or_Medians,Road_allignment,Types_of_Junction,Road_surface_type,Road_surface_conditions,Light_conditions,Weather_conditions,Type_of_collision,Number_of_vehicles_involved,Number_of_casualties,Vehicle_movement,Casualty_class,Casualty_gender,Age_band_of_casualty,Work_of_casuality,Fitness_of_casuality,Pedestrian_movement,Cause_of_accident,Accident_severity
6:20:00,Friday,31-50,Male,Junior high school,Employee,1-2yr,Stationwagen,Owner,1-2yr,No defect,Office areas,Two-way (divided with broken lines road marking),Tangent road with flat terrain,Y,Other,Dry,Daylight,Normal,Vehicle with vehicle collision,2,1,Going straight,Driver or rider,Male,Over 51,Self-employed,Normal,Not a Pedestrian,Driving under the influence of drugs,Slight Injury
6:20:00,Friday,Over 51,Male,Elementary school,Employee,1-2yr,Public (12 seats),Owner,Above 10yr,No defect,Other,Other,Tangent road with flat terrain,Y,Asphalt roads,Dry,Daylight,Normal,Vehicle with vehicle collision,2,1,Waiting to go,Pedestrian,Female,Under 18,Employee,Normal,Not a Pedestrian,No priority to pedestrian,Slight Injury
15:44:00,Tuesday,31-50,Male,Junior high school,Employee,2-5yr,Public (12 seats),Owner,Unknown,No defect,Other,Two-way (divided with broken lines road marking),Tangent road with flat terrain,Y,Asphalt roads,Dry,Daylight,Other,Vehicle with vehicle collision,2,2,Going straight,Driver or rider,Female,18-30,Driver,Normal,Not a Pedestrian,Moving Backward,Slight Injury
15:44:00,Tuesday,31-50,Male,Junior high school,Employee,Above 10yr,Automobile,Organization,2-5yrs,,Office areas,Two-way (divided with broken lines road marking),Tangent road with mountainous terrain and,Y,Asphalt roads,Dry,Daylight,Other,Vehicle with vehicle collision,2,2,Going straight,Passenger,Female,Under 18,Driver,Normal,Not a Pedestrian,Changing lane to the right,Slight Injury
22:39:00,Friday,18-30,Male,Junior high school,Employee,Below 1yr,Public (12 seats),Owner,,,Office areas,Two-way (divided with broken lines road marking),Tangent road with flat terrain,O,Asphalt roads,Wet or damp,Darkness - lights lit,Raining,Vehicle with vehicle collision,2,1,Going straight,na,na,na,Employee,Normal,Not a Pedestrian,Changing lane to the left,Slight Injury
22:39:00,Friday,Unknown,Female,Junior high school,Employee,Above 10yr,Public (12 seats),Owner,5-10yrs,,Other,Undivided Two way,Tangent road with flat terrain,O,Asphalt roads,Wet or damp,Darkness - lights lit,Raining,Collision with roadside objects,2,1,Going straight,Driver or rider,Female,31-50,Self-employed,Normal,Not a Pedestrian,Changing lane to the right,Slight Injury
8:10:00,Thursday,31-50,Male,Elementary school,Owner,5-10yr,Lorry (41?100Q),Owner,5-10yrs,No defect,Office areas,Two-way (divided with broken lines road marking),Tangent road with flat terrain,Y,Asphalt roads,Dry,Daylight,Normal,Vehicle with vehicle collision,1,2,Going straight,na,na,na,Driver,Normal,Not a Pedestrian,Driving under the influence of drugs,Slight Injury
8:10:00,Thursday,31-50,Male,Elementary school,Employee,Above 10yr,Automobile,Owner,2-5yrs,No defect,Industrial areas,Two-way (divided with broken lines road marking),Tangent road with flat terrain,Y,Asphalt roads,Dry,Daylight,Normal,Vehicle with vehicle collision,1,2,Going straight,Passenger,Male,31-50,Driver,Normal,Not a Pedestrian,No priority to vehicle,Slight Injury
18:05:00,Wednesday,18-30,Male,Junior high school,Employee,1-2yr,Lorry (41?100Q),Owner,Unknown,No defect,Office areas,Undivided Two way,Tangent road with flat terrain,Y,Asphalt roads,Dry,Darkness - lights lit,Normal,Vehicle with vehicle collision,2,1,Going straight,na,na,na,Self-employed,Normal,Not a Pedestrian,No priority to vehicle,Slight Injury
18:05:00,Wednesday,18-30,Male,,,,,Owner,,,Other,Undivided Two way,Tangent road with flat terrain,Y,Asphalt roads,Dry,Darkness - lights lit,Normal,Vehicle with vehicle collision,2,1,Going straight,Driver or rider,Male,31-50,Driver,Normal,Not a Pedestrian,Changing lane to the left,Slight Injury
13:38:00,Wednesday,Unknown,Female,High school,Owner,5-10yr,Automobile,Owner,Above 10yr,,Other,Two-way (divided with broken lines road marking),Tangent road with flat terrain,+,Asphalt roads,Dry,Daylight,Normal,Vehicle with vehicle collision,1,1,Going straight,Pedestrian,Male,31-50,Driver,Normal,Crossing from nearside - masked by parked or statioNot a Pedestrianry vehicle,Changing lane to the right,Slight Injury
10:57:00,Friday,31-50,Male,Elementary school,Employee,2-5yr,Stationwagen,Owner,Unknown,,Office areas,Two-way (divided with broken lines road marking),Tangent road with flat terrain,Y,Asphalt roads,Dry,Daylight,Normal,Vehicle with vehicle collision,1,1,Going straight,na,na,na,Driver,Normal,Not a Pedestrian,Changing lane to the right,Slight Injury
17:15:00,Friday,31-50,Male,,,,,,,,Church areas,,Tangent road with flat terrain,Y,Asphalt roads,Dry,Darkness - lights lit,Normal,Vehicle with vehicle collision,1,1,Going straight,Driver or rider,Male,31-50,Self-employed,Normal,Not a Pedestrian,Changing lane to the left,Slight Injury
13:34:00,Friday,31-50,Male,,,,,Owner,,,Office areas,Other,Tangent road with flat terrain,Y,Asphalt roads,Dry,Daylight,Normal,Collision with roadside objects,2,1,Going straight,Passenger,Male,31-50,Employee,Normal,Not a Pedestrian,Changing lane to the left,Slight Injury
13:34:00,Friday,31-50,Male,High school,Owner,1-2yr,Automobile,Owner,,,Residential areas,Other,Tangent road with flat terrain,Y,Asphalt roads,Dry,Daylight,Normal,Rollover,2,1,Going straight,Driver or rider,Male,Over 51,,,Not a Pedestrian,Getting off the vehicle improperly,Slight Injury
1:50:00,Sunday,18-30,Male,Junior high school,Employee,1-2yr,Stationwagen,Owner,Unknown,No defect,Recreational areas,Two-way (divided with broken lines road marking),Tangent road with flat terrain,No junction,Asphalt roads,Dry,Darkness - lights lit,Normal,Vehicle with vehicle collision,2,1,Turnover,Passenger,Female,31-50,Self-employed,Normal,Not a Pedestrian,Overtaking,Slight Injury
1:50:00,Sunday,31-50,Male,Junior high school,Employee,1-2yr,Automobile,Governmental,5-10yrs,,Other,Other,Tangent road with flat terrain,No junction,Asphalt roads,Dry,Darkness - lights lit,Normal,Vehicle with vehicle collision,2,1,Reversing,Driver or rider,Male,18-30,Driver,Normal,Not a Pedestrian,Changing lane to the left,Slight Injury
16:16:00,Saturday,Unknown,Male,Junior high school,Employee,Above 10yr,Other,Owner,Unknown,No defect,Church areas,Undivided Two way,Tangent road with flat terrain,No junction,Asphalt roads,Dry,Darkness - lights lit,Normal,Vehicle with vehicle collision,1,1,Moving Backward,na,na,na,Driver,Normal,Not a Pedestrian,Driving under the influence of drugs,Slight Injury
15:25:00,Friday,31-50,Male,Junior high school,Employee,1-2yr,Other,Owner,Unknown,No defect,Other,One way,Tangent road with flat terrain,Other,Asphalt roads,Dry,Daylight,Normal,Vehicle with vehicle collision,2,1,Going straight,Driver or rider,Female,31-50,Driver,Normal,Not a Pedestrian,Driving carelessly,Slight Injury
15:25:00,Friday,18-30,Male,High school,Owner,Above 10yr,Automobile,Owner,Above 10yr,No defect,Other,Two-way (divided with broken lines road marking),Tangent road with flat terrain,Other,Asphalt roads,Dry,Daylight,Normal,Vehicle with vehicle collision,2,1,Moving Backward,na,na,na,Driver,Normal,Not a Pedestrian,Moving Backward,Slight Injury
23:25:00,Friday,31-50,Male,Junior high school,Employee,Above 10yr,Lorry (41?100Q),Owner,5-10yrs,,Church areas,Undivided Two way,Tangent road with flat terrain,Y,Asphalt roads,Wet or damp,Darkness - lights lit,Raining,Vehicle with vehicle collision,1,1,Going straight,na,na,na,Self-employed,Normal,Not a Pedestrian,No distancing,Serious Injury
17:20:00,Tuesday,Unknown,Male,Junior high school,Employee,1-2yr,Lorry (41?100Q),Owner,Unknown,,Office areas,Two-way (divided with broken lines road marking),Tangent road with mild grade and flat terrain,+,Gravel roads,Dry,Darkness - lights lit,Normal,Vehicle with vehicle collision,1,1,Going straight,Driver or rider,Male,31-50,Driver,Normal,Not a Pedestrian,No priority to vehicle,Slight Injury
15:15:00,Tuesday,31-50,Male,Junior high school,Employee,1-2yr,Lorry (41?100Q),Owner,Unknown,,Office areas,Double carriageway (median),Tangent road with flat terrain,Y,Asphalt roads,Dry,Daylight,Normal,Vehicle with vehicle collision,2,1,Going straight,na,na,na,Driver,Normal,Not a Pedestrian,Overturning,Slight Injury
15:15:00,Tuesday,Unknown,Male,High school,Employee,2-5yr,Automobile,Organization,5-10yrs,No defect,Church areas,Two-way (divided with broken lines road marking),Tangent road with flat terrain,Y,Asphalt roads,Dry,Daylight,Normal,Collision with roadside objects,2,1,Going straight,Driver or rider,Female,31-50,,,Not a Pedestrian,Changing lane to the left,Slight Injury
9:36:00,Wednesday,Over 51,Male,Junior high school,Employee,2-5yr,Automobile,Organization,2-5yrs,No defect,Other,Undivided Two way,Tangent road with mountainous terrain and,No junction,Asphalt roads,Wet or damp,Daylight,Raining,Vehicle with vehicle collision,2,2,Going straight,Passenger,Female,Under 18,Self-employed,Normal,Not a Pedestrian,No distancing,Slight Injury
9:36:00,Wednesday,18-30,Male,Junior high school,Employee,1-2yr,Public (13?45 seats),Owner,Unknown,No defect,Other,Undivided Two way,Tangent road with flat terrain,No junction,Asphalt roads,Wet or damp,Daylight,Raining,Vehicle with vehicle collision,2,2,Unknown,Driver or rider,Female,31-50,Driver,Normal,Not a Pedestrian,Moving Backward,Slight Injury
1:46:00,Friday,18-30,Male,Elementary school,Employee,5-10yr,Public (13?45 seats),Owner,Unknown,No defect,Church areas,Undivided Two way,Tangent road with flat terrain,+,Asphalt roads,Dry,Darkness - lights lit,Normal,Vehicle with vehicle collision,2,2,Going straight,Pedestrian,Male,31-50,Driver,Normal,Unknown or other,No priority to vehicle,Slight Injury
1:46:00,Friday,31-50,Male,Junior high school,Employee,5-10yr,Lorry (41?100Q),Owner,5-10yrs,No defect,Industrial areas,Two-way (divided with broken lines road marking),Tangent road with mild grade and flat terrain,+,Asphalt roads,Dry,Darkness - lights lit,Normal,Vehicle with vehicle collision,2,2,Unknown,Pedestrian,Male,31-50,Driver,Normal,Not a Pedestrian,No priority to vehicle,Slight Injury
19:00:00,Thursday,31-50,Male,Junior high school,Employee,1-2yr,Lorry (41?100Q),Owner,Unknown,No defect,Office areas,Undivided Two way,Tangent road with flat terrain,+,Asphalt roads,Dry,Darkness - lights lit,Normal,Collision with pedestrians,1,1,Going straight,na,na,na,Other,Normal,Not a Pedestrian,No distancing,Slight Injury
17:10:00,Thursday,Unknown,Female,Elementary school,Other,5-10yr,Public (12 seats),Owner,Unknown,No defect,School areas,Undivided Two way,Tangent road with flat terrain,+,Asphalt roads,Dry,Darkness - lights lit,Normal,Collision with pedestrians,1,1,Moving Backward,Driver or rider,Male,31-50,Employee,Normal,Not a Pedestrian,No distancing,Slight Injury
7:50:00,Friday,31-50,Male,Junior high school,Employee,2-5yr,Other,Owner,Unknown,No defect,Other,Undivided Two way,Tangent road with flat terrain,No junction,Asphalt roads,Dry,Daylight,Normal,Vehicle with vehicle collision,1,1,Going straight,na,na,na,Driver,Normal,Not a Pedestrian,Overtaking,Slight Injury
13:00:00,Sunday,31-50,Male,Elementary school,Employee,5-10yr,Lorry (41?100Q),Owner,Unknown,No defect,Church areas,One way,Tangent road with flat terrain,+,Asphalt roads,Wet or damp,Daylight,Normal,Vehicle with vehicle collision,2,1,Going straight,Driver or rider,Male,18-30,Self-employed,Normal,Not a Pedestrian,Driving under the influence of drugs,Slight Injury
13:00:00,Sunday,Over 51,Male,Junior high school,Employee,Above 10yr,Automobile,Owner,Unknown,No defect,Office areas,Undivided Two way,Tangent road with flat terrain,+,Asphalt roads,Wet or damp,Daylight,Normal,Vehicle with vehicle collision,2,1,Moving Backward,na,na,na,Driver,Normal,Not a Pedestrian,Changing lane to the right,Slight Injury
23:10:00,Friday,Over 51,Male,Junior high school,Employee,Above 10yr,Other,Owner,Unknown,No defect,Other,Other,Steep grade downward with mountainous terrain,Y,Asphalt roads,Dry,Darkness - lights lit,Normal,Rollover,1,1,Going straight,Driver or rider,Male,31-50,,,Not a Pedestrian,Changing lane to the left,Slight Injury
0:10:00,Saturday,18-30,Male,Elementary school,Owner,2-5yr,Motorcycle,Owner,2-5yrs,No defect,Other,Other,Tangent road with flat terrain,No junction,Asphalt roads,Dry,Darkness - lights lit,Normal,Vehicle with vehicle collision,2,1,Turnover,Pedestrian,Female,Under 18,Driver,Normal,Crossing from nearside - masked by parked or statioNot a Pedestrianry vehicle,Driving carelessly,Slight Injury
0:10:00,Saturday,Over 51,Male,Elementary school,Employee,5-10yr,Automobile,Owner,Unknown,,Other,Two-way (divided with broken lines road marking),Tangent road with flat terrain,No junction,Asphalt roads,Dry,Darkness - lights lit,Normal,Vehicle with vehicle collision,2,1,Going straight,Driver or rider,Male,18-30,Driver,Normal,Not a Pedestrian,Moving Backward,Slight Injury
16:00:00,Sunday,31-50,Male,Junior high school,Owner,1-2yr,Automobile,Owner,2-5yrs,,Other,One way,Tangent road with flat terrain,Y,Asphalt roads,Dry,Daylight,Normal,Collision with pedestrians,1,1,Going straight,na,na,na,Self-employed,Normal,Not a Pedestrian,Moving Backward,Slight Injury
21:06:00,Saturday,31-50,Male,Elementary school,Employee,Above 10yr,Lorry (41?100Q),Owner,Above 10yr,No defect,Church areas,Two-way (divided with broken lines road marking),Tangent road with mild grade and flat terrain,Y,Asphalt roads,Dry,Darkness - lights lit,Normal,Vehicle with vehicle collision,1,1,Unknown,Driver or rider,Female,31-50,Self-employed,Normal,Not a Pedestrian,Changing lane to the right,Slight Injury
18:40:00,Friday,18-30,Male,Junior high school,Employee,5-10yr,Automobile,Governmental,2-5yrs,No defect,Residential areas,Two-way (divided with broken lines road marking),Tangent road with flat terrain,No junction,Asphalt roads,Dry,Darkness - lights lit,Normal,Vehicle with vehicle collision,2,1,Going straight,na,na,na,Driver,Normal,Not a Pedestrian,No priority to vehicle,Serious Injury
18:40:00,Friday,Unknown,Male,Junior high school,Employee,2-5yr,Public (> 45 seats),Owner,2-5yrs,No defect,Office areas,Two-way (divided with broken lines road marking),Tangent road with mild grade and flat terrain,No junction,Gravel roads,Dry,Darkness - lights lit,Normal,Vehicle with vehicle collision,2,1,Going straight,na,na,na,Driver,Normal,Not a Pedestrian,Driving at high speed,Serious Injury
14:00:00,Saturday,31-50,Male,Elementary school,Employee,Above 10yr,Lorry (41?100Q),Owner,2-5yrs,No defect,Other,Two-way (divided with broken lines road marking),Tangent road with flat terrain,Y,Asphalt roads,Wet or damp,Daylight,Raining,Collision with pedestrians,1,1,Going straight,na,na,na,Self-employed,Normal,Not a Pedestrian,Driving under the influence of drugs,Slight Injury
16:30:00,Friday,31-50,Male,Junior high school,Employee,2-5yr,Public (> 45 seats),Owner,2-5yrs,No defect,Office areas,Two-way (divided with broken lines road marking),Tangent road with mild grade and flat terrain,+,Gravel roads,Dry,Daylight,Normal,Vehicle with vehicle collision,2,1,Going straight,na,na,na,Driver,Normal,Not a Pedestrian,Changing lane to the right,Slight Injury
16:30:00,Friday,Unknown,Male,Elementary school,Employee,Above 10yr,Lorry (41?100Q),Owner,2-5yrs,No defect,Other,Two-way (divided with broken lines road marking),Tangent road with flat terrain,+,Asphalt roads,Dry,Daylight,Normal,Collision with pedestrians,2,1,Reversing,Driver or rider,Female,18-30,Self-employed,Normal,Not a Pedestrian,Driving carelessly,Slight Injury
14:10:00,Tuesday,18-30,Male,Junior high school,Employee,Above 10yr,Lorry (41?100Q),Owner,1-2yr,No defect,Church areas,Undivided Two way,Tangent road with flat terrain,Y,Asphalt roads,Dry,Daylight,Normal,Vehicle with vehicle collision,3,3,Going straight,Passenger,Female,Under 18,Driver,Normal,Not a Pedestrian,No distancing,Slight Injury
14:10:00,Tuesday,18-30,Male,Junior high school,Employee,2-5yr,Lorry (41?100Q),Owner,Unknown,No defect,Office areas,Two-way (divided with broken lines road marking),Tangent road with flat terrain,Y,Asphalt roads,Dry,Daylight,Normal,Vehicle with vehicle collision,3,3,Moving Backward,Pedestrian,Male,Under 18,Driver,Normal,Crossing from driver's nearside,Changing lane to the left,Slight Injury
14:10:00,Tuesday,18-30,Male,Junior high school,Employee,Above 10yr,Public (12 seats),Owner,Unknown,No defect,Other,Two-way (divided with broken lines road marking),Tangent road with flat terrain,Y,Asphalt roads,Dry,Daylight,Normal,Vehicle with vehicle collision,3,3,Going straight,na,na,na,Driver,Normal,Not a Pedestrian,No distancing,Slight Injury
14:10:00,Tuesday,31-50,Male,Junior high school,Employee,Above 10yr,Public (12 seats),Owner,Unknown,No defect,Other,Two-way (divided with broken lines road marking),Tangent road with flat terrain,Y,Asphalt roads,Dry,Daylight,Normal,Vehicle with vehicle collision,3,3,Going straight,Driver or rider,Male,31-50,Driver,Normal,Not a Pedestrian,No distancing,Slight Injury
11:30:00,Wednesday,Over 51,Male,Junior high school,Employee,Below 1yr,Stationwagen,Owner,Above 10yr,,School areas,Two-way (divided with broken lines road marking),Tangent road with flat terrain,Y,Asphalt roads,Dry,Daylight,Normal,Vehicle with vehicle collision,2,1,Going straight,na,na,na,Driver,Normal,Not a Pedestrian,Getting off the vehicle improperly,Slight Injury
11:30:00,Wednesday,Over 51,Male,Junior high school,Owner,Above 10yr,Lorry (41?100Q),Owner,Unknown,No defect,Church areas,Double carriageway (median),Tangent road with mild grade and flat terrain,Y,Asphalt roads,Dry,Daylight,Normal,Collision with roadside objects,2,1,Going straight,Driver or rider,Male,18-30,,,Not a Pedestrian,Overtaking,Slight Injury
12:30:00,Wednesday,31-50,Male,High school,Other,Above 10yr,Automobile,Owner,Unknown,,School areas,Undivided Two way,Tangent road with flat terrain,Y,Asphalt roads,Dry,Daylight,Normal,Vehicle with vehicle collision,2,1,Going straight,na,na,na,Driver,Normal,Not a Pedestrian,Driving carelessly,Slight Injury
12:30:00,Wednesday,Unknown,Male,Junior high school,Employee,5-10yr,Pick up upto 10Q,Owner,2-5yrs,No defect,Residential areas,Double carriageway (median),Tangent road with flat terrain,Y,Asphalt roads,Dry,Daylight,Normal,Vehicle with vehicle collision,2,1,Turnover,Driver or rider,Male,Over 51,Driver,Normal,Not a Pedestrian,Driving under the influence of drugs,Slight Injury
22:30:00,Thursday,Unknown,Female,Elementary school,,,Automobile,,,,Office areas,Two-way (divided with broken lines road marking),Tangent road with flat terrain,No junction,Asphalt roads,Dry,Darkness - lights lit,Normal,Collision with roadside objects,1,1,Going straight,Driver or rider,Female,18-30,,,Not a Pedestrian,Moving Backward,Serious Injury
14:05:00,Wednesday,31-50,Male,Junior high school,Employee,5-10yr,Public (13?45 seats),Owner,Unknown,,Office areas,Undivided Two way,Tangent road with flat terrain,Y,Asphalt roads,Dry,Daylight,Normal,Vehicle with vehicle collision,2,1,Going straight,Driver or rider,Female,Over 51,Self-employed,Normal,Not a Pedestrian,Overturning,Slight Injury
14:05:00,Wednesday,31-50,Male,Junior high school,Employee,5-10yr,Public (> 45 seats),Governmental,5-10yrs,No defect,Church areas,Two-way (divided with broken lines road marking),Tangent road with flat terrain,Y,Asphalt roads,Dry,Daylight,Normal,Vehicle with vehicle collision,2,1,Moving Backward,na,na,na,Driver,Normal,Not a Pedestrian,Driving under the influence of drugs,Slight Injury
19:50:00,Wednesday,18-30,Male,Junior high school,Owner,Below 1yr,Stationwagen,Owner,2-5yrs,,Residential areas,Undivided Two way,Tangent road with flat terrain,+,Asphalt roads,Dry,Darkness - lights lit,Normal,Vehicle with vehicle collision,2,1,Going straight,Pedestrian,Female,Under 18,Driver,Normal,Crossing from offside - masked by  parked or statioNot a Pedestrianry vehicle,Changing lane to the right,Slight Injury
19:50:00,Wednesday,31-50,Male,Junior high school,Employee,5-10yr,,Owner,Unknown,No defect,Office areas,Other,Tangent road with flat terrain,+,Asphalt roads,Dry,Darkness - lights lit,Normal,Vehicle with vehicle collision,2,1,Going straight,Pedestrian,Male,Over 51,Self-employed,Normal,Not a Pedestrian,Changing lane to the left,Slight Injury
20:00:00,Thursday,18-30,Male,Elementary school,Employee,2-5yr,Lorry (41?100Q),Owner,2-5yrs,No defect,Residential areas,One way,Tangent road with flat terrain,O,Asphalt roads,Dry,Darkness - lights lit,Normal,Collision with pedestrians,2,1,Going straight,na,na,na,Driver,Normal,Not a Pedestrian,No distancing,Slight Injury
20:00:00,Thursday,18-30,Male,Junior high school,Owner,2-5yr,Stationwagen,Owner,2-5yrs,No defect,Other,Two-way (divided with broken lines road marking),Tangent road with flat terrain,O,Asphalt roads,Dry,Darkness - lights lit,Normal,Collision with pedestrians,2,1,Other,Driver or rider,Male,18-30,Employee,Normal,Not a Pedestrian,No distancing,Slight Injury
9:45:00,Saturday,31-50,Male,Elementary school,Employee,2-5yr,Lorry (41?100Q),Governmental,2-5yrs,No defect,Other,Two-way (divided with broken lines road marking),Tangent road with flat terrain,+,Asphalt roads,Dry,Daylight,Normal,Vehicle with vehicle collision,2,1,Going straight,Passenger,Female,18-30,Driver,Normal,Not a Pedestrian,No priority to vehicle,Slight Injury
9:45:00,Saturday,Under 18,Male,Junior high school,Owner,2-5yr,Public (12 seats),Owner,Unknown,No defect,Residential areas,Two-way (divided with broken lines road marking),Tangent road with flat terrain,+,Asphalt roads,Dry,Daylight,Normal,Vehicle with vehicle collision,2,1,Going straight,Driver or rider,Male,Over 51,Driver,Normal,Not a Pedestrian,Moving Backward,Slight Injury
23:05:00,Sunday,Under 18,Female,Junior high school,Employee,Above 10yr,Lorry (41?100Q),Owner,5-10yrs,No defect,Industrial areas,Undivided Two way,Tangent road with flat terrain,No junction,Asphalt roads,Dry,Darkness - lights lit,Normal,Collision with roadside objects,2,1,Turnover,na,na,na,,,Not a Pedestrian,Moving Backward,Slight Injury
23:05:00,Sunday,Unknown,Female,Junior high school,Employee,2-5yr,Other,Owner,2-5yrs,No defect,Other,Undivided Two way,Steep grade downward with mountainous terrain,No junction,Asphalt roads,Dry,Darkness - lights lit,Normal,Vehicle with vehicle collision,2,1,Moving Backward,Driver or rider,Female,Under 18,Driver,Normal,Not a Pedestrian,Getting off the vehicle improperly,Slight Injury
8:35:00,Thursday,18-30,Male,Junior high school,Employee,1-2yr,Stationwagen,Owner,1-2yr,No defect,Office areas,Undivided Two way,Tangent road with flat terrain,No junction,Asphalt roads,Wet or damp,Daylight,Raining,Vehicle with vehicle collision,2,1,Going straight,Driver or rider,Male,18-30,Driver,Normal,Not a Pedestrian,Changing lane to the left,Slight Injury
8:35:00,Thursday,31-50,Male,Junior high school,Employee,2-5yr,Automobile,Organization,2-5yrs,No defect,Other,Two-way (divided with broken lines road marking),Tangent road with mountainous terrain and,No junction,Asphalt roads,Wet or damp,Daylight,Raining,Vehicle with vehicle collision,2,1,Going straight,Driver or rider,Male,31-50,Driver,Normal,Not a Pedestrian,Changing lane to the left,Slight Injury
16:30:00,Thursday,Unknown,Male,Junior high school,Employee,1-2yr,Public (> 45 seats),Governmental,1-2yr,,Other,Undivided Two way,Tangent road with flat terrain,Y,Asphalt roads,Dry,Daylight,Normal,Vehicle with vehicle collision,2,1,Going straight,Passenger,Male,18-30,Driver,Normal,Not a Pedestrian,No priority to vehicle,Slight Injury
16:30:00,Thursday,18-30,Male,Junior high school,Employee,5-10yr,Other,Owner,Unknown,No defect,Other,Two-way (divided with broken lines road marking),Tangent road with flat terrain,Y,Asphalt roads,Dry,Daylight,Normal,Collision with roadside objects,2,1,Reversing,Driver or rider,Female,18-30,,,Not a Pedestrian,Changing lane to the right,Slight Injury
8:52:00,Friday,Over 51,Male,Junior high school,Employee,5-10yr,Lorry (41?100Q),Owner,2-5yrs,No defect,Other,Double carriageway (median),Tangent road with flat terrain,No junction,Asphalt roads,Dry,Daylight,Normal,Vehicle with vehicle collision,1,1,Going straight,Pedestrian,Female,Under 18,Driver,Normal,Unknown or other,Changing lane to the right,Slight Injury
13:27:00,Friday,31-50,Male,Elementary school,Owner,2-5yr,Automobile,Owner,Unknown,7,Office areas,Undivided Two way,Tangent road with flat terrain,No junction,Asphalt roads,Dry,Daylight,Normal,Vehicle with vehicle collision,2,1,Going straight,Pedestrian,Female,Under 18,Employee,Normal,Unknown or other,Driving carelessly,Slight Injury
13:27:00,Friday,18-30,Male,Elementary school,Employee,Below 1yr,Public (> 45 seats),Governmental,1-2yr,No defect,Other,Two-way (divided with broken lines road marking),Tangent road with flat terrain,No junction,Asphalt roads,Dry,Daylight,Normal,Collision with roadside objects,2,1,Going straight,na,na,na,,,Not a Pedestrian,Changing lane to the left,Slight Injury
21:16:00,Monday,Over 51,Male,,,,,,,,,Other,Tangent road with flat terrain,Y,Asphalt roads,Dry,Darkness - lights lit,Normal,Vehicle with vehicle collision,2,1,Parked,Driver or rider,Male,18-30,Driver,Normal,Not a Pedestrian,Changing lane to the right,Slight Injury
21:16:00,Monday,31-50,Male,Junior high school,Employee,Above 10yr,Automobile,Organization,Unknown,No defect,Other,Two-way (divided with broken lines road marking),Tangent road with flat terrain,Y,Asphalt roads,Dry,Darkness - lights lit,Normal,Collision with roadside objects,2,1,Going straight,na,na,na,,,Not a Pedestrian,Driving under the influence of drugs,Slight Injury
11:00:00,Wednesday,Unknown,Male,High school,Employee,1-2yr,Pick up upto 10Q,Owner,Above 10yr,,Other,Other,Steep grade downward with mountainous terrain,No junction,Asphalt roads,Dry,Daylight,Normal,Vehicle with vehicle collision,1,1,Going straight,Driver or rider,Male,18-30,Driver,Normal,Not a Pedestrian,Driving carelessly,Serious Injury
20:40:00,Tuesday,31-50,Male,Junior high school,Owner,5-10yr,Public (12 seats),Owner,Unknown,,Office areas,Undivided Two way,Tangent road with flat terrain,Y,Asphalt roads,Dry,Darkness - lights lit,Normal,Vehicle with vehicle collision,2,1,Unknown,Pedestrian,Male,Under 18,Driver,Normal,Not a Pedestrian,No distancing,Slight Injury
20:40:00,Tuesday,31-50,Male,Junior high school,Employee,1-2yr,Lorry (41?100Q),Owner,Unknown,No defect,Office areas,One way,Tangent road with flat terrain,Y,Asphalt roads,Dry,Darkness - lights lit,Normal,Vehicle with vehicle collision,2,1,Going straight,Driver or rider,Female,Over 51,Self-employed,Normal,Not a Pedestrian,No priority to vehicle,Slight Injury
15:56:00,Tuesday,18-30,Male,Junior high school,Employee,Above 10yr,Lorry (41?100Q),Owner,Above 10yr,No defect,Church areas,Other,Tangent road with flat terrain,No junction,Asphalt roads,Dry,Daylight,Normal,Vehicle with vehicle collision,2,2,Going straight,na,na,na,Driver,Normal,Not a Pedestrian,No priority to vehicle,Slight Injury
15:56:00,Tuesday,31-50,Male,Junior high school,Employee,Below 1yr,Lorry (41?100Q),Owner,,No defect,Office areas,Double carriageway (median),Tangent road with flat terrain,No junction,Asphalt roads,Dry,Daylight,Normal,Vehicle with vehicle collision,2,2,Stopping,na,na,na,Employee,Normal,Not a Pedestrian,No priority to vehicle,Slight Injury
8:50:00,Tuesday,31-50,Male,Elementary school,Employee,2-5yr,Public (13?45 seats),Owner,Above 10yr,No defect,Office areas,Other,Tangent road with flat terrain,+,Asphalt roads,Dry,Daylight,Normal,Vehicle with vehicle collision,2,1,Going straight,Driver or rider,Female,18-30,Driver,Normal,Not a Pedestrian,Changing lane to the left,Slight Injury
8:50:00,Tuesday,18-30,Male,Junior high school,Employee,5-10yr,Lorry (41?100Q),Owner,Unknown,No defect,Office areas,Two-way (divided with broken lines road marking),Tangent road with flat terrain,+,Asphalt roads,Dry,Daylight,Normal,Vehicle with vehicle collision,2,1,Overtaking,Pedestrian,Male,Under 18,,,Crossing from nearside - masked by parked or statioNot a Pedestrianry vehicle,Moving Backward,Slight Injury