Time,Day_of_week,Age_band_of_driver,Drivers_gender,Educational_level,Vehicle_driver_relation,Driving_experience,Type_of_vehicle,Owner_of_vehicle,Service_year_of_vehicle,Defect_of_vehicle,Area_accident_occured,Lanes_or_Medians,Road_allignment,Types_of_Junction,Road_surface_type,Road_surface_conditions,Light_conditions,Weather_conditions,Type_of_collision,Number_of_vehicles_involved,Number_of_casualties,Vehicle_movement,Casualty_class,Casualty_gender,Age_band_of_casualty,Work_of_casuality,Fitness_of_casuality,Pedestrian_movement,Cause_of_accident,Accident_severity
17:25:00,Monday,18-30,Male,Junior high school,Employee,2-5yr,Automobile,Organization,5-10yrs,No defect,Hospital areas,Undivided Two way,Tangent road with mountainous terrain and,Y,Asphalt roads,Dry,Daylight,Normal,Vehicle with vehicle collision,2,1,Going straight,na,na,na,,,Not a Pedestrian,Driving carelessly,Slight Injury
17:25:00,Monday,31-50,Male,Junior high school,Owner,Above 10yr,Public (> 45 seats),Owner,Above 10yr,No defect,Office areas,Other,Tangent road with flat terrain,Y,Other,Dry,Daylight,Normal,,2,1,Going straight,na,na,na,Driver,Normal,Not a Pedestrian,No priority to pedestrian,Slight Injury
9:00:00,Sunday,31-50,Male,Junior high school,Employee,2-5yr,Lorry (41?100Q),Owner,2-5yrs,No defect,Other,Two-way (divided with broken lines road marking),Escarpments,Y,Gravel roads,Dry,Daylight,Normal,,2,1,Going straight,Pedestrian,Male,Over 51,Driver,Normal,Crossing from nearside - masked by parked or statioNot a Pedestrianry vehicle,Driving carelessly,Slight Injury
9:00:00,Sunday,Unknown,Female,Elementary school,Other,5-10yr,Public (> 45 seats),Owner,1-2yr,,Office areas,Undivided Two way,Tangent road with flat terrain,Y,Asphalt roads,Dry,Daylight,Normal,,2,1,Moving Backward,Driver or rider,Male,18-30,Driver,Normal,Not a Pedestrian,Changing lane to the right,Slight Injury
18:50:00,Tuesday,18-30,Male,Elementary school,Employee,5-10yr,,Owner,2-5yrs,,Office areas,Two-way (divided with broken lines road marking),Tangent road with mountainous terrain and,+,Other,Dry,Daylight,Normal,Vehicle with vehicle collision,1,1,Going straight,Passenger,Male,Under 18,Driver,Normal,Not a Pedestrian,Moving Backward,Slight Injury
11:20:00,Tuesday,Under 18,Male,Junior high school,,5-10yr,,Owner,,No defect,Other,Double carriageway (median),Steep grade downward with mountainous terrain,Y,Asphalt roads,Dry,Daylight,Normal,Vehicle with vehicle collision,2,1,Going straight,Driver or rider,Male,Under 18,,,Not a Pedestrian,Driving carelessly,Slight Injury
11:20:00,Tuesday,Unknown,Male,Junior high school,Employee,5-10yr,Automobile,Owner,1-2yr,No defect,Office areas,Undivided Two way,Tangent road with mild grade and flat terrain,Y,Earth roads,Dry,Daylight,Normal,Collision with roadside objects,2,1,Moving Backward,Passenger,Male,Under 18,Driver,Normal,Not a Pedestrian,Changing lane to the right,Slight Injury
19:40:00,Tuesday,18-30,Male,Elementary school,Employee,Above 10yr,Automobile,Owner,,No defect,Residential areas,Undivided Two way,Tangent road with flat terrain,+,Asphalt roads,Dry,Darkness - lights lit,Normal,Collision with roadside objects,2,1,Moving Backward,Passenger,Male,Under 18,Self-employed,Normal,Not a Pedestrian,Driving carelessly,Slight Injury
19:40:00,Tuesday,Unknown,Male,Junior high school,,Below 1yr,Lorry (41?100Q),Owner,Unknown,,Other,Two-way (divided with broken lines road marking),Tangent road with flat terrain,+,Asphalt roads,Dry,Darkness - lights lit,Normal,Vehicle with vehicle collision,2,1,Going straight,Driver or rider,Male,31-50,Self-employed,Normal,Not a Pedestrian,Driving carelessly,Slight Injury
18:22:00,Sunday,Under 18,Male,Junior high school,Employee,5-10yr,Automobile,Owner,2-5yrs,,Office areas,Double carriageway (median),Tangent road with flat terrain,No junction,Asphalt roads,Dry,Daylight,Normal,Vehicle with vehicle collision,2,1,Turnover,na,na,na,Self-employed,Normal,Not a Pedestrian,Driving carelessly,Slight Injury
18:22:00,Sunday,31-50,Male,Elementary school,Employee,1-2yr,Public (13?45 seats),Owner,5-10yrs,,Office areas,Undivided Two way,Tangent road with mountainous terrain and,No junction,Asphalt roads,Dry,Daylight,Normal,Vehicle with vehicle collision,2,1,Turnover,na,na,na,Driver,Normal,Not a Pedestrian,Changing lane to the right,Slight Injury
17:17:00,Friday,31-50,Male,,,,Automobile,,,,Office areas,Other,Tangent road with flat terrain,+,Asphalt roads,Dry,Daylight,Normal,Vehicle with vehicle collision,1,1,Going straight,Driver or rider,Male,18-30,Other,Normal,Not a Pedestrian,Changing lane to the right,Slight Injury
4:49:00,Monday,Unknown,Male,Junior high school,Employee,Above 10yr,Public (> 45 seats),Owner,5-10yrs,No defect,Other,Two-way (divided with broken lines road marking),Tangent road with mild grade and flat terrain,Y,Earth roads,Dry,Darkness - lights lit,Normal,Vehicle with vehicle collision,1,1,Going straight,Driver or rider,Male,Over 51,,,Not a Pedestrian,Driving carelessly,Slight Injury
19:35:00,Tuesday,18-30,Male,High school,Owner,2-5yr,Lorry (41?100Q),Owner,,No defect,Church areas,Undivided Two way,Tangent road with flat terrain,No junction,Asphalt roads,Dry,Darkness - lights lit,Normal,Rollover,2,1,Going straight,Driver or rider,Male,Over 51,Self-employed,Normal,Not a Pedestrian,Overtaking,Slight Injury
19:35:00,Tuesday,Unknown,Male,Junior high school,Employee,1-2yr,Automobile,Owner,Unknown,No defect,Industrial areas,Undivided Two way,Tangent road with flat terrain,No junction,Asphalt roads,Dry,Darkness - lights lit,Normal,Vehicle with vehicle collision,2,1,Going straight,Passenger,Male,Over 51,Other,Normal,Not a Pedestrian,Changing lane to the right,Slight Injury
15:50:00,Monday,Over 51,Male,Junior high school,Employee,1-2yr,Lorry (11?40Q),Owner,1-2yr,No defect,Office areas,Double carriageway (median),Tangent road with flat terrain,Y,Asphalt roads,Dry,Daylight,Normal,Collision with roadside objects,1,1,Going straight,Passenger,Male,Over 51,,,Not a Pedestrian,No distancing,Slight Injury
14:42:00,Monday,31-50,Male,Above high school,Owner,2-5yr,Public (13?45 seats),Owner,Unknown,No defect,Church areas,Undivided Two way,Tangent road with flat terrain,Y,Asphalt roads,Dry,Daylight,Normal,Collision with pedestrians,2,1,Going straight,Passenger,Male,31-50,,,Not a Pedestrian,Other,Serious Injury
14:42:00,Monday,31-50,Female,,,,Public (13?45 seats),Owner,,,Office areas,Undivided Two way,Tangent road with flat terrain,Y,Asphalt roads,Dry,Daylight,Normal,Vehicle with vehicle collision,2,1,Getting off,na,na,na,Driver,Normal,Not a Pedestrian,Changing lane to the right,Serious Injury
13:15:00,Monday,18-30,Male,Elementary school,Owner,2-5yr,,Owner,,No defect,Office areas,Other,Tangent road with flat terrain,Y,Asphalt roads,Dry,Daylight,Normal,Vehicle with vehicle collision,1,1,Moving Backward,Driver or rider,Male,18-30,,,Not a Pedestrian,Changing lane to the right,Slight Injury
16:05:00,Tuesday,31-50,Male,Junior high school,Employee,1-2yr,Long lorry,Owner,,,Residential areas,Two-way (divided with broken lines road marking),Tangent road with flat terrain,O,Asphalt roads,Dry,Daylight,Normal,Vehicle with vehicle collision,2,1,Other,Passenger,Female,Over 51,Driver,Normal,Not a Pedestrian,Overtaking,Slight Injury
16:05:00,Tuesday,31-50,Male,,Owner,5-10yr,Lorry (41?100Q),Owner,5-10yrs,,Office areas,Two-way (divided with broken lines road marking),Tangent road with flat terrain,O,Asphalt roads,Dry,Daylight,Normal,Vehicle with vehicle collision,2,1,Going straight,Pedestrian,Male,Under 18,Driver,Normal,Not a Pedestrian,Other,Slight Injury
18:00:00,Tuesday,31-50,Male,Junior high school,Employee,Below 1yr,Lorry (11?40Q),Owner,5-10yrs,,Residential areas,Undivided Two way,Tangent road with flat terrain,No junction,Asphalt roads,Dry,Daylight,Normal,Vehicle with vehicle collision,3,2,Going straight,Pedestrian,Male,31-50,Driver,Normal,Not a Pedestrian,Driving to the left,Slight Injury
18:00:00,Tuesday,18-30,Male,Junior high school,Employee,2-5yr,Lorry (41?100Q),Owner,2-5yrs,,Office areas,Double carriageway (median),Tangent road with flat terrain,No junction,Asphalt roads,Dry,Daylight,Normal,Vehicle with vehicle collision,3,2,Going straight,Driver or rider,Male,Over 51,Driver,Normal,Not a Pedestrian,Overtaking,Slight Injury
18:00:00,Tuesday,Unknown,Female,Junior high school,Employee,5-10yr,Public (12 seats),Owner,2-5yrs,No defect,Office areas,Double carriageway (median),Tangent road with flat terrain,No junction,Asphalt roads,Dry,Daylight,Normal,Vehicle with vehicle collision,3,2,Going straight,na,na,na,Self-employed,Normal,Not a Pedestrian,No priority to vehicle,Slight Injury
18:00:00,Tuesday,18-30,Male,Junior high school,Employee,Above 10yr,,,,No defect,Other,Two-way (divided with broken lines road marking),Tangent road with flat terrain,+,Earth roads,Dry,Daylight,Normal,Collision with roadside objects,2,1,Going straight,Driver or rider,Male,31-50,Self-employed,Normal,Not a Pedestrian,Moving Backward,Slight Injury
18:00:00,Tuesday,Under 18,Male,Elementary school,Employee,2-5yr,Taxi,Owner,Unknown,No defect,Other,Two-way (divided with broken lines road marking),Tangent road with flat terrain,+,Asphalt roads,Dry,Daylight,Normal,Rollover,2,1,Going straight,na,na,na,Driver,Normal,Not a Pedestrian,Other,Slight Injury
22:15:00,Friday,18-30,Female,Elementary school,Owner,Above 10yr,,Owner,Above 10yr,No defect,Residential areas,Two-way (divided with broken lines road marking),Tangent road with flat terrain,O,Asphalt roads,Dry,Darkness - lights lit,Normal,Vehicle with vehicle collision,2,1,Going straight,na,na,na,Driver,Normal,Not a Pedestrian,No priority to vehicle,Slight Injury
22:15:00,Friday,Unknown,Female,Junior high school,Employee,1-2yr,Automobile,Owner,Unknown,,Church areas,Two-way (divided with broken lines road marking),Tangent road with flat terrain,O,Asphalt roads,Dry,Darkness - lights lit,Normal,Collision with pedestrians,2,1,Going straight,Driver or rider,Male,18-30,,,Not a Pedestrian,No priority to pedestrian,Slight Injury
15:40:00,Wednesday,Under 18,Male,Junior high school,Employee,5-10yr,,Governmental,Unknown,No defect,Church areas,Double carriageway (median),Tangent road with flat terrain,Y,Asphalt roads,Wet or damp,Daylight,Normal,Vehicle with vehicle collision,2,1,Going straight,na,na,na,Driver,Normal,Not a Pedestrian,Changing lane to the right,Slight Injury
15:40:00,Wednesday,31-50,Male,Junior high school,Employee,2-5yr,Lorry (41?100Q),Owner,2-5yrs,No defect,Residential areas,Double carriageway (median),Tangent road with flat terrain,Y,Other,Wet or damp,Daylight,Normal,Vehicle with vehicle collision,2,1,Going straight,Driver or rider,Female,31-50,Driver,Normal,Not a Pedestrian,Changing lane to the right,Slight Injury
22:45:00,Thursday,18-30,Male,Junior high school,Employee,2-5yr,Automobile,Owner,,No defect,Office areas,Two-way (divided with broken lines road marking),Tangent road with mild grade and flat terrain,No junction,Gravel roads,Dry,Darkness - lights lit,Normal,Collision with pedestrians,2,1,Going straight,na,na,na,Driver,Normal,Not a Pedestrian,Changing lane to the right,Slight Injury
22:45:00,Thursday,Unknown,Male,Junior high school,Employee,2-5yr,Automobile,Owner,5-10yrs,No defect,Office areas,Two-way (divided with broken lines road marking),Tangent road with mild grade and flat terrain,No junction,Gravel roads,Dry,Darkness - lights lit,Normal,Collision with pedestrians,2,1,Going straight,Driver or rider,Female,Under 18,,Normal,Not a Pedestrian,Driving to the left,Slight Injury
8:00:00,Thursday,18-30,Male,Junior high school,Employee,2-5yr,Lorry (41?100Q),Owner,2-5yrs,,Residential areas,Two-way (divided with broken lines road marking),Tangent road with flat terrain,+,Asphalt roads,Dry,Daylight,Normal,Vehicle with vehicle collision,2,1,Moving Backward,Pedestrian,Male,18-30,,,"In carriageway, statioNot a Pedestrianry - not crossing  (standing or playing)",Changing lane to the left,Slight Injury
8:00:00,Thursday,18-30,Male,Junior high school,Employee,Above 10yr,Automobile,Owner,5-10yrs,,Church areas,Other,Tangent road with flat terrain,+,Asphalt roads,Dry,Daylight,Normal,Vehicle with vehicle collision,2,1,Going straight,na,na,na,Driver,Normal,Not a Pedestrian,Moving Backward,Slight Injury
12:24:00,Saturday,Over 51,Male,Junior high school,Employee,Above 10yr,Automobile,Owner,,,Other,Two-way (divided with broken lines road marking),Tangent road with flat terrain,+,Earth roads,Dry,Daylight,Normal,Vehicle with vehicle collision,1,1,Moving Backward,na,na,na,Driver,Normal,Not a Pedestrian,Driving at high speed,Slight Injury
12:45:00,Saturday,31-50,Male,Elementary school,Employee,5-10yr,Automobile,Owner,,,Office areas,Two-way (divided with broken lines road marking),Tangent road with flat terrain,Y,Asphalt roads,Dry,Daylight,Normal,Vehicle with vehicle collision,2,1,Moving Backward,Driver or rider,Male,18-30,Self-employed,Normal,Not a Pedestrian,Moving Backward,Slight Injury
12:45:00,Saturday,31-50,Male,,Employee,,Taxi,Owner,,,Other,Two-way (divided with broken lines road marking),Tangent road with flat terrain,Y,Asphalt roads,Dry,Daylight,Normal,Vehicle with vehicle collision,2,1,Going straight,Driver or rider,Female,31-50,Driver,Normal,Not a Pedestrian,No distancing,Slight Injury
1:32:00,Monday,31-50,Male,,Employee,2-5yr,,Owner,,,Other,Two-way (divided with broken lines road marking),Tangent road with flat terrain,+,Asphalt roads,Dry,Darkness - lights lit,Normal,Collision with roadside objects,1,1,Going straight,Driver or rider,Male,Over 51,Driver,Normal,Not a Pedestrian,Other,Slight Injury
21:55:00,Sunday,18-30,Male,Elementary school,Employee,5-10yr,,Owner,,,,,Tangent road with flat terrain,+,Asphalt roads,Dry,Darkness - lights lit,Normal,Vehicle with vehicle collision,2,1,Going straight,Passenger,Male,31-50,Driver,Normal,Not a Pedestrian,No priority to vehicle,Slight Injury
21:55:00,Sunday,Under 18,Male,Junior high school,Employee,5-10yr,Automobile,Governmental,2-5yrs,,Residential areas,Two-way (divided with broken lines road marking),,+,Earth roads,Dry,Darkness - lights lit,Normal,Vehicle with vehicle collision,2,1,Going straight,Driver or rider,Male,31-50,,,Not a Pedestrian,Changing lane to the right,Slight Injury
11:50:00,Monday,18-30,Male,Junior high school,Employee,Above 10yr,Pick up upto 10Q,Owner,Below 1yr,,Church areas,Undivided Two way,Tangent road with flat terrain,Y,Asphalt roads,Dry,Daylight,Normal,Vehicle with vehicle collision,2,1,Going straight,na,na,na,Driver,Normal,Not a Pedestrian,Other,Slight Injury
11:50:00,Monday,18-30,Male,Junior high school,Employee,5-10yr,,,,,Other,Undivided Two way,Tangent road with flat terrain,Y,Asphalt roads,Dry,Daylight,Normal,Vehicle with vehicle collision,2,1,Going straight,Driver or rider,Male,Under 18,Driver,Normal,Not a Pedestrian,No distancing,Slight Injury
18:09:00,Monday,31-50,Male,Junior high school,Employee,Above 10yr,Automobile,Owner,Unknown,,Other,One way,Tangent road with flat terrain,No junction,Asphalt roads,Dry,Daylight,Normal,Vehicle with vehicle collision,2,1,,na,na,na,Self-employed,Normal,Not a Pedestrian,Driving carelessly,Slight Injury
18:09:00,Monday,31-50,Male,Elementary school,Employee,Below 1yr,Public (12 seats),Owner,Unknown,No defect,Residential areas,Two-way (divided with broken lines road marking),Tangent road with flat terrain,No junction,Asphalt roads,Dry,Daylight,Normal,Vehicle with vehicle collision,2,1,Other,Driver or rider,Male,Over 51,,Normal,Not a Pedestrian,No distancing,Slight Injury
7:50:00,Thursday,18-30,Male,Elementary school,Employee,5-10yr,Public (13?45 seats),Owner,Unknown,,Office areas,One way,Tangent road with flat terrain,+,Asphalt roads,Dry,Daylight,Normal,Vehicle with vehicle collision,2,1,Going straight,Driver or rider,Male,31-50,,,Not a Pedestrian,Moving Backward,Slight Injury
7:50:00,Thursday,18-30,Male,Elementary school,Employee,1-2yr,Lorry (11?40Q),Owner,Unknown,No defect,Industrial areas,Two-way (divided with broken lines road marking),Tangent road with flat terrain,+,Asphalt roads,Dry,Daylight,Normal,Vehicle with vehicle collision,2,1,,Driver or rider,Female,Over 51,Driver,Normal,Not a Pedestrian,No distancing,Slight Injury
12:17:00,Tuesday,31-50,Female,Elementary school,Employee,5-10yr,Stationwagen,Governmental,,No defect,Residential areas,Double carriageway (median),Tangent road with flat terrain,No junction,Asphalt roads,Dry,Daylight,Normal,Vehicle with vehicle collision,2,1,Overtaking,na,na,na,Driver,Normal,Not a Pedestrian,Moving Backward,Slight Injury
12:17:00,Tuesday,Unknown,Female,Elementary school,Employee,5-10yr,Ridden horse,Owner,,No defect,Office areas,Unknown,Tangent road with flat terrain,No junction,Asphalt roads,Dry,Daylight,Normal,Vehicle with vehicle collision,2,1,Reversing,Driver or rider,Male,18-30,Driver,Normal,Not a Pedestrian,No priority to pedestrian,Slight Injury
17:00:00,Tuesday,18-30,Male,Elementary school,Employee,2-5yr,Stationwagen,Owner,2-5yrs,,Other,,Tangent road with flat terrain,Y,Asphalt roads,Wet or damp,Daylight,Normal,Vehicle with vehicle collision,1,1,Going straight,Passenger,Male,Under 18,,,Not a Pedestrian,Changing lane to the left,Slight Injury
17:19:00,Tuesday,Unknown,Male,Elementary school,Employee,5-10yr,Automobile,Owner,Unknown,,Church areas,Other,Tangent road with flat terrain,No junction,Asphalt roads,Dry,Daylight,Normal,Vehicle with vehicle collision,1,1,Other,Passenger,Male,18-30,Driver,Normal,Not a Pedestrian,No distancing,Slight Injury
2:30:00,Sunday,Unknown,Female,,,5-10yr,Automobile,Owner,Above 10yr,,Industrial areas,,Tangent road with flat terrain,Y,Earth roads,Dry,Darkness - lights lit,Normal,Vehicle with vehicle collision,1,1,Moving Backward,na,na,na,Self-employed,Normal,Not a Pedestrian,Other,Slight Injury
17:00:00,Saturday,Unknown,Male,Junior high school,Employee,Above 10yr,Other,Owner,Unknown,No defect,Recreational areas,One way,Tangent road with flat terrain,Y,Asphalt roads,Dry,Daylight,Normal,Vehicle with vehicle collision,2,1,Going straight,Driver or rider,Male,18-30,Self-employed,Normal,Not a Pedestrian,No distancing,Slight Injury
17:00:00,Saturday,18-30,Male,Junior high school,Employee,Above 10yr,Taxi,Owner,Unknown,No defect,Market areas,Undivided Two way,Tangent road with flat terrain,Y,Asphalt roads,Dry,Daylight,Normal,Vehicle with vehicle collision,2,1,Other,na,na,na,,,Not a Pedestrian,No priority to pedestrian,Slight Injury
17:10:00,Saturday,31-50,Male,Elementary school,Employee,Below 1yr,Automobile,Owner,Unknown,No defect,Other,Two-way (divided with broken lines road marking),Tangent road with flat terrain,Y,Asphalt roads,Dry,Daylight,Normal,Collision with roadside objects,2,1,Moving Backward,Driver or rider,Female,18-30,,Normal,Not a Pedestrian,Moving Backward,Serious Injury
17:10:00,Saturday,18-30,Male,Elementary school,Employee,5-10yr,Stationwagen,Owner,Unknown,,Other,Two-way (divided with broken lines road marking),Tangent road with flat terrain,Y,Asphalt roads,Dry,Daylight,Normal,Vehicle with vehicle collision,2,1,Going straight,na,na,na,Driver,Normal,Not a Pedestrian,No priority to pedestrian,Serious Injury
6:30:00,Saturday,18-30,Male,Elementary school,Owner,5-10yr,Automobile,Owner,Unknown,No defect,Industrial areas,Two-way (divided with broken lines road marking),,+,Earth roads,Dry,Daylight,Normal,Vehicle with vehicle collision,2,1,Going straight,na,na,na,Driver,Normal,Not a Pedestrian,No distancing,Slight Injury
6:30:00,Saturday,18-30,Male,Elementary school,Employee,2-5yr,Public (12 seats),Governmental,2-5yrs,,Other,Two-way (divided with broken lines road marking),Tangent road with flat terrain,+,Asphalt roads,Dry,Daylight,Normal,Vehicle with vehicle collision,2,1,Moving Backward,na,na,na,,,Not a Pedestrian,No priority to pedestrian,Slight Injury
9:47:00,Friday,18-30,Male,Elementary school,Employee,Above 10yr,,Governmental,,,Office areas,Other,Tangent road with flat terrain,Y,Asphalt roads,Dry,Daylight,Normal,Vehicle with vehicle collision,2,1,Going straight,Driver or rider,Male,31-50,Driver,Normal,Not a Pedestrian,Driving carelessly,Slight Injury
9:47:00,Friday,31-50,Male,Elementary school,Employee,2-5yr,Automobile,Owner,Unknown,,,Other,Tangent road with flat terrain,Y,Asphalt roads,Dry,Daylight,Normal,Collision with pedestrians,2,1,Getting off,Driver or rider,Male,31-50,Self-employed,Normal,Not a Pedestrian,Getting off the vehicle improperly,Slight Injury
22:42:00,Thursday,18-30,Male,Junior high school,Employee,Above 10yr,Lorry (41?100Q),Owner,,,Office areas,Two-way (divided with broken lines road marking),Tangent road with flat terrain,Y,Asphalt roads,Dry,Darkness - lights lit,Normal,Vehicle with vehicle collision,1,1,Going straight,na,na,na,Self-employed,Normal,Not a Pedestrian,Driving carelessly,Slight Injury
12:43:00,Thursday,18-30,Male,Junior high school,Employee,Below 1yr,Automobile,Owner,,,Office areas,Undivided Two way,Tangent road with flat terrain,+,Asphalt roads,Dry,Daylight,Normal,Vehicle with vehicle collision,2,1,Going straight,Driver or rider,Female,18-30,Self-employed,Normal,Not a Pedestrian,Changing lane to the left,Slight Injury
12:43:00,Thursday,31-50,Male,Junior high school,Employee,2-5yr,Public (> 45 seats),Organization,Unknown,,Other,Other,Tangent road with flat terrain,+,Asphalt roads,Dry,Daylight,Normal,Vehicle with vehicle collision,2,1,Moving Backward,Driver or rider,Female,31-50,,,Not a Pedestrian,No priority to vehicle,Slight Injury
4:15:00,Sunday,Under 18,Male,Elementary school,Employee,5-10yr,Lorry (41?100Q),Governmental,2-5yrs,,Other,Other,Tangent road with flat terrain,Y,Asphalt roads,Dry,Darkness - lights lit,Normal,Vehicle with vehicle collision,2,2,Going straight,na,na,na,Self-employed,Normal,Not a Pedestrian,Changing lane to the right,Slight Injury
4:15:00,Sunday,Under 18,Male,Elementary school,Employee,5-10yr,Public (> 45 seats),Owner,Unknown,No defect,Other,Undivided Two way,Tangent road with flat terrain,Y,Asphalt roads,Dry,Darkness - lights lit,Normal,Vehicle with vehicle collision,2,2,Going straight,na,na,na,Self-employed,Normal,Not a Pedestrian,Changing lane to the right,Slight Injury
4:15:00,Sunday,Unknown,Male,Elementary school,Employee,1-2yr,,Owner,Above 10yr,,Other,Other,Tangent road with flat terrain,Y,Other,Dry,Darkness - lights lit,Normal,Vehicle with vehicle collision,2,2,Going straight,Driver or rider,Female,31-50,Driver,Deaf,Not a Pedestrian,No distancing,Slight Injury
4:30:00,Friday,Unknown,Male,Elementary school,Employee,,,,,,Residential areas,Undivided Two way,Tangent road with flat terrain,Y,Asphalt roads,Dry,Daylight,Normal,Vehicle with vehicle collision,1,1,Going straight,na,na,na,Driver,Normal,Not a Pedestrian,No distancing,Serious Injury
14:30:00,Tuesday,Unknown,Male,Junior high school,Employee,1-2yr,Automobile,Owner,2-5yrs,No defect,Church areas,Undivided Two way,Tangent road with flat terrain,+,Asphalt roads,Dry,Daylight,Normal,Vehicle with vehicle collision,1,1,Going straight,Driver or rider,Male,18-30,Self-employed,Normal,Not a Pedestrian,Changing lane to the left,Slight Injury
21:45:00,Wednesday,18-30,Male,,Employee,5-10yr,Automobile,Owner,2-5yrs,,Office areas,Double carriageway (median),Tangent road with flat terrain,Y,Asphalt roads,Dry,Darkness - lights lit,Normal,Collision with pedestrians,3,1,Moving Backward,Passenger,Female,18-30,Self-employed,Normal,Not a Pedestrian,Changing lane to the right,Slight Injury
21:45:00,Wednesday,31-50,Male,Elementary school,Owner,1-2yr,Lorry (41?100Q),Owner,2-5yrs,,Church areas,Other,Tangent road with flat terrain,Y,Asphalt roads,Dry,Darkness - lights lit,Normal,Vehicle with vehicle collision,3,1,Going straight,na,na,na,Driver,Normal,Not a Pedestrian,No priority to vehicle,Slight Injury
21:45:00,Wednesday,Unknown,Male,Junior high school,Employee,5-10yr,Automobile,Owner,2-5yrs,,Other,Two-way (divided with broken lines road marking),Tangent road with flat terrain,Y,Asphalt roads,Dry,Darkness - lights lit,Normal,Vehicle with vehicle collision,3,1,Going straight,na,na,na,Driver,Normal,Not a Pedestrian,Changing lane to the left,Slight Injury
8:30:00,Wednesday,Unknown,Male,Junior high school,Employee,2-5yr,Public (13?45 seats),Owner,,,,Other,Tangent road with flat terrain,Y,Asphalt roads,Wet or damp,Daylight,Raining,Vehicle with vehicle collision,1,1,Moving Backward,Driver or rider,Male,31-50,,,Not a Pedestrian,No priority to vehicle,Slight Injury
13:09:00,Thursday,31-50,Male,Junior high school,Employee,2-5yr,Automobile,Owner,1-2yr,,School areas,Other,Steep grade downward with mountainous terrain,Y,Asphalt roads,Dry,Daylight,Normal,Vehicle with vehicle collision,2,1,Moving Backward,Passenger,Male,18-30,Driver,Normal,Not a Pedestrian,Moving Backward,Serious Injury
13:09:00,Thursday,18-30,Male,Junior high school,Employee,5-10yr,Public (> 45 seats),Owner,5-10yrs,,Office areas,Two-way (divided with broken lines road marking),Tangent road with mild grade and flat terrain,Y,Earth roads,Dry,Daylight,Normal,Collision with roadside objects,2,1,Going straight,na,na,na,Driver,Normal,Not a Pedestrian,Turnover,Serious Injury
18:07:00,Monday,18-30,Male,Junior high school,Owner,Below 1yr,Lorry (41?100Q),Owner,Below 1yr,,Other,Other,Steep grade downward with mountainous terrain,Y,Asphalt roads,Wet or damp,Daylight,Raining,Vehicle with vehicle collision,1,1,Going straight,Driver or rider,Male,18-30,Student,Normal,Not a Pedestrian,No distancing,Slight Injury
8:25:00,Sunday,Over 51,Male,High school,Employee,Below 1yr,Automobile,Owner,Unknown,,Office areas,Undivided Two way,Tangent road with flat terrain,Y,Asphalt roads,Dry,Daylight,Normal,Vehicle with vehicle collision,1,1,Going straight,na,na,na,Employee,Normal,Not a Pedestrian,No distancing,Slight Injury
11:15:00,Saturday,31-50,Male,Junior high school,Employee,,Lorry (11?40Q),Owner,,,Other,Undivided Two way,Tangent road with flat terrain,+,Asphalt roads,Dry,Daylight,Normal,Vehicle with vehicle collision,2,1,Going straight,Driver or rider,Female,18-30,Driver,Normal,Not a Pedestrian,No distancing,Slight Injury
11:15:00,Saturday,31-50,Male,Junior high school,Employee,Below 1yr,Public (13?45 seats),Owner,2-5yrs,,Other,Two-way (divided with broken lines road marking),Tangent road with flat terrain,+,Asphalt roads,Dry,Daylight,Normal,Vehicle with vehicle collision,2,1,Going straight,Driver or rider,Male,31-50,Other,Normal,Not a Pedestrian,Changing lane to the left,Slight Injury
17:50:00,Friday,18-30,Male,Junior high school,Employee,2-5yr,Public (13?45 seats),Owner,,,Office areas,Undivided Two way,Tangent road with flat terrain,+,Asphalt roads,Dry,Daylight,Normal,Vehicle with vehicle collision,1,1,Going straight,na,na,na,,Normal,Not a Pedestrian,No priority to vehicle,Slight Injury
13:37:00,Friday,Unknown,Male,Junior high school,Employee,2-5yr,,Owner,,No defect,Other,Double carriageway (median),Tangent road with flat terrain,+,Asphalt roads,Dry,Daylight,Normal,Vehicle with vehicle collision,1,1,Going straight,Driver or rider,Male,Under 18,,,Not a Pedestrian,Driving at high speed,Slight Injury
15:05:00,Tuesday,31-50,Male,Junior high school,Employee,5-10yr,Long lorry,Owner,,,Church areas,Other,Tangent road with flat terrain,Y,Asphalt roads,Dry,Daylight,Normal,Vehicle with vehicle collision,2,1,Going straight,Passenger,Male,Under 18,,,Not a Pedestrian,Overtaking,Slight Injury
15:05:00,Tuesday,Unknown,Male,Elementary school,Employee,5-10yr,Lorry (41?100Q),Owner,,No defect,Office areas,Two-way (divided with broken lines road marking),Tangent road with flat terrain,Y,Asphalt roads,Dry,Daylight,Normal,Collision with roadside objects,2,1,Going straight,Driver or rider,Male,Under 18,Employee,,Not a Pedestrian,Other,Slight Injury
9:57:00,Wednesday,31-50,Male,,Owner,5-10yr,Lorry (11?40Q),Owner,Above 10yr,No defect,Office areas,Two-way (divided with broken lines road marking),Tangent road with flat terrain,No junction,Asphalt roads,Dry,Daylight,Normal,Vehicle with vehicle collision,2,1,Going straight,Pedestrian,Male,18-30,Driver,,Unknown or other,Changing lane to the left,Slight Injury
9:57:00,Wednesday,18-30,Male,Junior high school,Employee,5-10yr,Lorry (41?100Q),Owner,2-5yrs,,Other,Undivided Two way,Tangent road with mountainous terrain and,No junction,Asphalt roads,Dry,Daylight,Normal,Vehicle with vehicle collision,2,1,Other,na,na,na,Driver,,Not a Pedestrian,No priority to pedestrian,Slight Injury