Time,Day_of_week,Age_band_of_driver,Drivers_gender,Educational_level,Vehicle_driver_relation,Driving_experience,Type_of_vehicle,Owner_of_vehicle,Service_year_of_vehicle,Defect_of_vehicle,Area_accident_occured,Lanes_or_Medians,Road_allignment,Types_of_Junction,Road_surface_type,Road_surface_conditions,Light_conditions,Weather_conditions,Type_of_collision,Number_of_vehicles_involved,Number_of_casualties,Vehicle_movement,Casualty_class,Casualty_gender,Age_band_of_casualty,Work_of_casuality,Fitness_of_casuality,Pedestrian_movement,Cause_of_accident,Accident_severity
16:30:00,Wednesday,Over 51,Male,Junior high school,Owner,5-10yr,Public (12 seats),Owner,2-5yrs,,Residential areas,Undivided Two way,Tangent road with flat terrain,No junction,Asphalt roads,Dry,Daylight,Normal,Vehicle with vehicle collision,3,1,Going straight,Driver or rider,Male,31-50,Driver,,Not a Pedestrian,Changing lane to the left,Slight Injury
16:30:00,Wednesday,18-30,Male,Illiterate,Employee,2-5yr,,Owner,Unknown,No defect,Residential areas,Undivided Two way,Tangent road with flat terrain,No junction,Asphalt roads,Dry,Daylight,Normal,Vehicle with vehicle collision,3,1,Reversing,Pedestrian,Male,Under 18,Self-employed,Normal,Unknown or other,No distancing,Slight Injury
16:30:00,Wednesday,Unknown,Female,Junior high school,Employee,5-10yr,Taxi,Owner,5-10yrs,7,,Two-way (divided with broken lines road marking),Tangent road with flat terrain,No junction,Asphalt roads,Dry,Daylight,Normal,Rollover,3,1,Going straight,Driver or rider,Male,31-50,Driver,Normal,Not a Pedestrian,Moving Backward,Slight Injury
0:15:00,Monday,31-50,Male,Junior high school,Employee,Below 1yr,,Owner,Unknown,7,Other,Other,Tangent road with flat terrain,+,Asphalt roads,Dry,Darkness - lights lit,Normal,Vehicle with vehicle collision,2,2,Reversing,Driver or rider,Male,18-30,Other,Normal,Not a Pedestrian,Changing lane to the left,Slight Injury
0:15:00,Monday,31-50,Male,Junior high school,Employee,1-2yr,Automobile,Owner,Unknown,No defect,Office areas,,Steep grade downward with mountainous terrain,+,Asphalt roads,Dry,Darkness - lights lit,Normal,Vehicle with vehicle collision,2,2,Going straight,Driver or rider,Male,Under 18,,,Not a Pedestrian,Other,Slight Injury
0:15:00,Monday,18-30,Male,Elementary school,Employee,2-5yr,,Governmental,Unknown,No defect,School areas,Double carriageway (median),Tangent road with flat terrain,+,Earth roads,Dry,Darkness - lights lit,Normal,Collision with roadside objects,2,2,Reversing,Passenger,Male,Under 18,Driver,Normal,Not a Pedestrian,No distancing,Slight Injury
1:46:00,Sunday,31-50,Male,Elementary school,Employee,2-5yr,Lorry (41?100Q),Owner,Unknown,No defect,Other,Two-way (divided with broken lines road marking),Steep grade downward with mountainous terrain,Y,Asphalt roads,Dry,Darkness - lights lit,Normal,Vehicle with vehicle collision,1,1,,Driver or rider,Male,Under 18,Self-employed,Normal,Not a Pedestrian,Moving Backward,Slight Injury
18:45:00,Friday,31-50,Male,Elementary school,Employee,5-10yr,Automobile,Owner,5-10yrs,No defect,Other,Two-way (divided with broken lines road marking),Tangent road with rolling terrain,Y,Other,Dry,Daylight,Normal,Vehicle with vehicle collision,2,1,Going straight,Passenger,Female,31-50,Self-employed,Normal,Not a Pedestrian,No distancing,Slight Injury
18:45:00,Friday,Unknown,Male,Junior high school,Employee,5-10yr,Automobile,Governmental,Unknown,No defect,Church areas,Two-way (divided with broken lines road marking),Tangent road with flat terrain,Y,Asphalt roads,Dry,Daylight,Normal,Vehicle with vehicle collision,2,1,Reversing,na,na,na,Self-employed,Normal,Not a Pedestrian,Changing lane to the left,Slight Injury
21:35:00,Monday,31-50,Male,,,,Lorry (41?100Q),,,,Office areas,,Tangent road with mild grade and flat terrain,O,Asphalt roads,Dry,Darkness - lights lit,Normal,Collision with roadside objects,2,1,Other,Driver or rider,Male,31-50,,Other,Not a Pedestrian,Changing lane to the left,Slight Injury
21:35:00,Monday,18-30,Male,Junior high school,Employee,Above 10yr,Automobile,Owner,,,Other,Two-way (divided with broken lines road marking),Tangent road with mild grade and flat terrain,O,Asphalt roads,Dry,Darkness - lights lit,Normal,Collision with roadside objects,2,1,Going straight,Driver or rider,Male,31-50,Driver,Blind,Not a Pedestrian,No priority to pedestrian,Slight Injury
21:51:00,Wednesday,18-30,Male,Junior high school,Employee,Above 10yr,Automobile,Governmental,,No defect,Residential areas,Double carriageway (median),Tangent road with flat terrain,Y,Asphalt roads,Dry,Darkness - lights lit,Normal,Vehicle with vehicle collision,2,1,Going straight,na,na,na,Driver,Normal,Not a Pedestrian,Changing lane to the left,Slight Injury
21:51:00,Wednesday,31-50,Male,Junior high school,Owner,Above 10yr,Automobile,Owner,,,Office areas,Two-way (divided with broken lines road marking),Tangent road with flat terrain,Y,Asphalt roads,Dry,Darkness - lights lit,Normal,Vehicle with vehicle collision,2,1,Going straight,Driver or rider,Male,Under 18,Self-employed,Normal,Not a Pedestrian,Driving carelessly,Slight Injury
10:00:00,Friday,18-30,Male,Junior high school,Employee,Unknown,Taxi,Owner,,,Office areas,Undivided Two way,Tangent road with flat terrain,No junction,Asphalt roads,Dry,Daylight,Normal,Collision with roadside objects,2,1,Moving Backward,Driver or rider,Male,Over 51,Driver,Normal,Not a Pedestrian,Driving carelessly,Slight Injury
10:00:00,Friday,Unknown,Male,Junior high school,Employee,5-10yr,,Owner,Below 1yr,,Office areas,Two-way (divided with broken lines road marking),Tangent road with flat terrain,No junction,Asphalt roads,Dry,Daylight,Normal,Collision with roadside objects,2,1,Going straight,Driver or rider,Female,18-30,Driver,Normal,Not a Pedestrian,No priority to pedestrian,Slight Injury
15:50:00,Thursday,18-30,Male,Junior high school,Employee,2-5yr,,Organization,1-2yr,,Church areas,,Tangent road with flat terrain,Y,Asphalt roads,Dry,Daylight,Normal,Vehicle with vehicle collision,2,1,Going straight,Driver or rider,Male,31-50,Driver,Normal,Not a Pedestrian,Getting off the vehicle improperly,Slight Injury
15:50:00,Thursday,31-50,Male,Elementary school,Employee,5-10yr,Automobile,Owner,,,Office areas,Two-way (divided with broken lines road marking),Tangent road with flat terrain,Y,Asphalt roads,Dry,Daylight,Normal,Vehicle with vehicle collision,2,1,Going straight,na,na,na,Driver,Normal,Not a Pedestrian,No distancing,Slight Injury
19:00:00,Monday,Over 51,Male,Junior high school,Employee,2-5yr,Pick up upto 10Q,Owner,1-2yr,,Office areas,Two-way (divided with broken lines road marking),Tangent road with mild grade and flat terrain,+,Gravel roads,Dry,Daylight,Normal,Vehicle with vehicle collision,2,1,Going straight,na,na,na,Driver,Normal,Not a Pedestrian,Changing lane to the left,Slight Injury
19:00:00,Monday,31-50,Male,High school,Owner,5-10yr,,Owner,,,Office areas,Two-way (divided with broken lines road marking),Tangent road with mild grade and flat terrain,+,Asphalt roads,Dry,Daylight,Normal,Collision with roadside objects,2,1,Other,Driver or rider,Male,Under 18,Driver,Normal,Not a Pedestrian,No priority to vehicle,Slight Injury
17:30:00,Tuesday,31-50,Male,Junior high school,Employee,Above 10yr,Automobile,Owner,5-10yrs,No defect,Office areas,Two-way (divided with broken lines road marking),Tangent road with flat terrain,Y,Asphalt roads,Dry,Daylight,Normal,Vehicle with vehicle collision,3,1,,Pedestrian,Female,Under 18,,Normal,Crossing from driver's nearside,No distancing,Serious Injury
17:30:00,Tuesday,18-30,Male,Junior high school,Employee,2-5yr,Public (12 seats),Owner,,No defect,Other,Two-way (divided with broken lines road marking),Tangent road with flat terrain,Y,Asphalt roads,Dry,Daylight,Normal,Vehicle with vehicle collision,3,1,Going straight,Pedestrian,Female,18-30,Employee,Normal,Not a Pedestrian,No priority to pedestrian,Serious Injury
17:30:00,Tuesday,Unknown,Male,Elementary school,Employee,2-5yr,Public (13?45 seats),Owner,,No defect,Residential areas,Double carriageway (median),Tangent road with flat terrain,Y,Asphalt roads,Dry,Daylight,Normal,Vehicle with vehicle collision,3,1,Turnover,Driver or rider,Male,31-50,,,Not a Pedestrian,No priority to pedestrian,Serious Injury
14:03:00,Tuesday,31-50,Male,High school,Owner,Above 10yr,Lorry (11?40Q),Owner,,No defect,Church areas,Undivided Two way,Tangent road with flat terrain,O,Asphalt roads,Dry,Daylight,Normal,Rollover,1,1,Going straight,Passenger,Female,18-30,Driver,Normal,Not a Pedestrian,No priority to vehicle,Slight Injury
19:15:00,Wednesday,31-50,Male,Elementary school,Employee,1-2yr,Stationwagen,Owner,,No defect,Other,Two-way (divided with broken lines road marking),Tangent road with flat terrain,Y,Asphalt roads,Dry,Daylight,Normal,Vehicle with vehicle collision,2,1,Moving Backward,Passenger,Female,18-30,Self-employed,Normal,Not a Pedestrian,Driving carelessly,Slight Injury
19:15:00,Wednesday,31-50,Male,Junior high school,Employee,Above 10yr,Ridden horse,Owner,,No defect,Recreational areas,Two-way (divided with broken lines road marking),Tangent road with flat terrain,Y,Asphalt roads,Dry,Daylight,Normal,Vehicle with vehicle collision,2,1,Moving Backward,na,na,na,Self-employed,Normal,Not a Pedestrian,Changing lane to the right,Slight Injury
16:10:00,Friday,18-30,Male,,,,Stationwagen,,,,,,Tangent road with flat terrain,Y,Asphalt roads,Dry,Daylight,Normal,Collision with pedestrians,2,1,Going straight,na,na,na,,,Not a Pedestrian,Changing lane to the left,Slight Injury
16:10:00,Friday,31-50,Male,Junior high school,Owner,5-10yr,Automobile,Owner,Unknown,No defect,Industrial areas,Undivided Two way,Tangent road with mild grade and flat terrain,Y,Asphalt roads,Dry,Daylight,Normal,Vehicle with vehicle collision,2,1,Other,Driver or rider,Male,18-30,Self-employed,Normal,Not a Pedestrian,Moving Backward,Slight Injury
20:10:00,Friday,31-50,Male,Above high school,Employee,5-10yr,Automobile,Owner,,No defect,Other,Two-way (divided with broken lines road marking),Tangent road with flat terrain,No junction,Asphalt roads,Dry,Darkness - lights lit,Normal,Vehicle with vehicle collision,3,1,Going straight,Driver or rider,Male,Under 18,,,Not a Pedestrian,Driving carelessly,Slight Injury
20:10:00,Friday,18-30,Male,Junior high school,Employee,5-10yr,Other,Owner,Unknown,,Other,Other,Tangent road with flat terrain,No junction,Asphalt roads,Dry,Darkness - lights lit,Normal,Vehicle with vehicle collision,3,1,Going straight,na,na,na,Self-employed,Normal,Not a Pedestrian,Driving to the left,Slight Injury
20:10:00,Friday,18-30,Male,Junior high school,Employee,Above 10yr,Taxi,Owner,5-10yrs,No defect,Church areas,Other,Tangent road with flat terrain,No junction,Asphalt roads,Dry,Darkness - lights lit,Normal,Vehicle with vehicle collision,3,1,Going straight,Passenger,Female,Over 51,Driver,Normal,Not a Pedestrian,Driving to the left,Slight Injury
19:40:00,Saturday,31-50,Male,Junior high school,Employee,1-2yr,Automobile,Owner,5-10yrs,No defect,Church areas,Undivided Two way,Tangent road with flat terrain,No junction,Asphalt roads,Dry,Darkness - lights lit,Normal,Collision with roadside objects,1,1,Going straight,Driver or rider,Female,18-30,Self-employed,Normal,Not a Pedestrian,No priority to pedestrian,Slight Injury
1:00:00,Sunday,Under 18,Male,Junior high school,Employee,2-5yr,Stationwagen,Owner,,No defect,Other,Two-way (divided with broken lines road marking),Tangent road with flat terrain,Y,Asphalt roads,Dry,Darkness - lights lit,Normal,Vehicle with vehicle collision,2,1,Going straight,Passenger,Male,Under 18,Self-employed,Normal,Not a Pedestrian,Changing lane to the left,Slight Injury
1:00:00,Sunday,31-50,Male,Junior high school,Employee,Below 1yr,Automobile,Owner,,No defect,Other,One way,Tangent road with flat terrain,Y,Asphalt roads,Dry,Darkness - lights lit,Normal,Vehicle with vehicle collision,2,1,Going straight,Pedestrian,Female,Over 51,Self-employed,Normal,Unknown or other,Changing lane to the right,Slight Injury
21:39:00,Saturday,Unknown,Male,Junior high school,Employee,Above 10yr,Public (12 seats),Governmental,2-5yrs,,Recreational areas,Two-way (divided with broken lines road marking),Tangent road with flat terrain,Y,Asphalt roads,Dry,Darkness - lights lit,Normal,Vehicle with vehicle collision,2,1,Going straight,Pedestrian,Female,Over 51,Driver,Normal,Unknown or other,Driving carelessly,Slight Injury
21:39:00,Saturday,31-50,Male,Junior high school,Employee,1-2yr,,Owner,2-5yrs,,Other,Undivided Two way,Tangent road with flat terrain,Y,Asphalt roads,Dry,Darkness - lights lit,Normal,Vehicle with vehicle collision,2,1,Going straight,Driver or rider,Male,18-30,Employee,Normal,Not a Pedestrian,No distancing,Slight Injury
11:45:00,Sunday,31-50,Male,Above high school,Employee,5-10yr,Automobile,Owner,5-10yrs,,Office areas,Undivided Two way,Tangent road with flat terrain,Y,Other,Dry,Daylight,Normal,Collision with roadside objects,2,1,Other,Driver or rider,Female,Over 51,,Normal,Not a Pedestrian,Getting off the vehicle improperly,Slight Injury
11:45:00,Sunday,18-30,Male,Junior high school,Employee,5-10yr,Lorry (41?100Q),Owner,5-10yrs,No defect,Church areas,Two-way (divided with broken lines road marking),Tangent road with flat terrain,Y,Asphalt roads,Dry,Daylight,Normal,Vehicle with vehicle collision,2,1,Going straight,Passenger,Male,Over 51,,,Not a Pedestrian,Driving under the influence of drugs,Slight Injury
8:40:00,Wednesday,18-30,Male,Elementary school,Owner,Below 1yr,,Owner,2-5yrs,,Office areas,Two-way (divided with broken lines road marking),Tangent road with flat terrain,No junction,Asphalt roads,Dry,Daylight,Normal,Collision with roadside objects,2,1,Overtaking,Driver or rider,Male,18-30,,,Not a Pedestrian,Changing lane to the right,Slight Injury
8:40:00,Wednesday,Unknown,Male,,,,Public (> 45 seats),,,No defect,Office areas,Undivided Two way,Tangent road with mountainous terrain and,No junction,Asphalt roads,Dry,Daylight,Normal,Vehicle with vehicle collision,2,1,Going straight,na,na,na,,,Not a Pedestrian,Driving carelessly,Slight Injury
13:57:00,Monday,31-50,Male,Junior high school,Employee,Above 10yr,,Owner,2-5yrs,No defect,Other,Undivided Two way,Tangent road with flat terrain,Y,Asphalt roads,Wet or damp,Daylight,Raining,Rollover,2,1,Going straight,na,na,na,Self-employed,Normal,Not a Pedestrian,Moving Backward,Slight Injury
13:57:00,Monday,18-30,Male,Junior high school,,,Public (12 seats),Governmental,,,Residential areas,Two-way (divided with broken lines road marking),Tangent road with flat terrain,Y,Asphalt roads,Wet or damp,Daylight,Raining,Vehicle with vehicle collision,2,1,Going straight,na,na,na,Driver,Normal,Not a Pedestrian,Turnover,Slight Injury
16:09:00,Monday,18-30,Male,Junior high school,Employee,1-2yr,Public (12 seats),Owner,2-5yrs,No defect,Office areas,Two-way (divided with broken lines road marking),Tangent road with mild grade and flat terrain,Y,Asphalt roads,Wet or damp,Daylight,Raining,Vehicle with vehicle collision,1,1,U-Turn,na,na,na,,,Not a Pedestrian,Changing lane to the right,Slight Injury
10:35:00,Wednesday,31-50,Male,Junior high school,Owner,2-5yr,Automobile,Owner,2-5yrs,,Residential areas,Other,Tangent road with flat terrain,+,Asphalt roads,Dry,Daylight,Normal,Vehicle with vehicle collision,2,1,Going straight,Driver or rider,Female,Under 18,,,Not a Pedestrian,Driving carelessly,Slight Injury
10:35:00,Wednesday,31-50,Male,,Employee,Unknown,Automobile,Owner,Unknown,No defect,Residential areas,Two-way (divided with broken lines road marking),Tangent road with flat terrain,+,Asphalt roads,Dry,Daylight,Normal,Vehicle with vehicle collision,2,1,Going straight,Driver or rider,Male,31-50,Driver,Normal,Not a Pedestrian,No priority to vehicle,Slight Injury
17:05:00,Tuesday,18-30,Male,Junior high school,Employee,Above 10yr,Public (> 45 seats),Owner,,No defect,Other,Double carriageway (median),Tangent road with flat terrain,Y,Asphalt roads,Dry,Daylight,Normal,Vehicle with vehicle collision,2,1,Going straight,Passenger,Male,31-50,Driver,Normal,Not a Pedestrian,Moving Backward,Slight Injury
17:05:00,Tuesday,18-30,Male,Junior high school,Owner,2-5yr,Lorry (41?100Q),Owner,,No defect,Hospital areas,One way,Tangent road with flat terrain,Y,Asphalt roads,Dry,Daylight,Normal,Collision with pedestrians,2,1,Going straight,Passenger,Male,31-50,Self-employed,Normal,Not a Pedestrian,Changing lane to the left,Slight Injury
11:00:00,Wednesday,Over 51,Male,Junior high school,Employee,5-10yr,Public (> 45 seats),Governmental,,No defect,Other,Undivided Two way,Tangent road with flat terrain,+,Earth roads,Dry,Daylight,Normal,Rollover,2,1,Turnover,na,na,na,Driver,Normal,Not a Pedestrian,Overturning,Slight Injury
11:00:00,Wednesday,31-50,Male,Junior high school,Employee,2-5yr,,Owner,,No defect,Other,Undivided Two way,Tangent road with flat terrain,+,Asphalt roads,Dry,Daylight,Normal,Vehicle with vehicle collision,2,1,Going straight,Driver or rider,Male,18-30,Driver,Normal,Not a Pedestrian,No distancing,Slight Injury
18:10:00,Wednesday,31-50,Male,Junior high school,Employee,1-2yr,,Owner,,No defect,Recreational areas,One way,Tangent road with mild grade and flat terrain,Y,Other,Dry,Daylight,Normal,Rollover,2,1,Going straight,Passenger,Male,Under 18,Self-employed,Normal,Not a Pedestrian,Driving carelessly,Serious Injury
18:10:00,Wednesday,31-50,Male,Junior high school,Employee,5-10yr,Automobile,Owner,,No defect,Other,Undivided Two way,Tangent road with flat terrain,Y,Other,Dry,Daylight,Normal,Vehicle with vehicle collision,2,1,Moving Backward,Driver or rider,Male,18-30,Self-employed,Normal,Not a Pedestrian,No distancing,Serious Injury
15:25:00,Tuesday,31-50,Male,Junior high school,Employee,2-5yr,Automobile,Owner,,No defect,Other,Undivided Two way,Tangent road with flat terrain,No junction,Asphalt roads,Dry,Daylight,Normal,Vehicle with vehicle collision,2,1,Going straight,Passenger,Male,18-30,Driver,Normal,Not a Pedestrian,Changing lane to the left,Slight Injury
15:25:00,Tuesday,18-30,Male,Elementary school,Employee,5-10yr,Lorry (41?100Q),Owner,,No defect,Other,Undivided Two way,Tangent road with flat terrain,No junction,Earth roads,Dry,Daylight,Normal,Vehicle with vehicle collision,2,1,Moving Backward,na,na,na,Self-employed,Normal,Not a Pedestrian,No priority to pedestrian,Slight Injury
19:00:00,Thursday,Over 51,Male,Above high school,Owner,5-10yr,Automobile,Owner,Below 1yr,No defect,Office areas,Two-way (divided with broken lines road marking),Tangent road with flat terrain,No junction,Asphalt roads,Dry,Daylight,Normal,Fall from vehicles,2,1,Going straight,Driver or rider,Male,Under 18,,,Not a Pedestrian,No distancing,Slight Injury
19:00:00,Thursday,Unknown,Female,Junior high school,Employee,2-5yr,Public (13?45 seats),Owner,2-5yrs,No defect,Other,Two-way (divided with broken lines road marking),Tangent road with mild grade and flat terrain,No junction,Asphalt roads,Dry,Daylight,Normal,Vehicle with vehicle collision,2,1,Going straight,na,na,na,,,Not a Pedestrian,No distancing,Slight Injury
8:21:00,Thursday,18-30,Male,Junior high school,Employee,2-5yr,Automobile,Owner,,No defect,Residential areas,Two-way (divided with broken lines road marking),Tangent road with flat terrain,Y,Earth roads,Wet or damp,Daylight,Raining,Collision with roadside objects,2,1,Going straight,Driver or rider,Male,Under 18,,,Not a Pedestrian,Changing lane to the left,Slight Injury
8:21:00,Thursday,18-30,Male,Junior high school,Employee,2-5yr,Public (> 45 seats),Owner,5-10yrs,No defect,Other,Undivided Two way,Tangent road with flat terrain,Y,Asphalt roads,Wet or damp,Daylight,Raining,Vehicle with vehicle collision,2,1,Going straight,na,na,na,Self-employed,Normal,Not a Pedestrian,No distancing,Slight Injury
8:30:00,Thursday,18-30,Male,Junior high school,Employee,5-10yr,Lorry (41?100Q),Owner,Unknown,No defect,Other,Undivided Two way,Tangent road with flat terrain,+,Asphalt roads,Dry,Daylight,Normal,Vehicle with vehicle collision,2,1,U-Turn,Passenger,Female,Over 51,Driver,Normal,Not a Pedestrian,Changing lane to the left,Slight Injury
8:30:00,Thursday,18-30,Male,Junior high school,Employee,1-2yr,Automobile,Owner,,,Church areas,Undivided Two way,Tangent road with flat terrain,+,Asphalt roads,Dry,Daylight,Normal,Vehicle with vehicle collision,2,1,Going straight,Pedestrian,Female,Under 18,Employee,Normal,Crossing from driver's nearside,No distancing,Slight Injury
18:21:00,Sunday,18-30,Male,Junior high school,Owner,2-5yr,Lorry (11?40Q),Owner,1-2yr,5,Office areas,Undivided Two way,Tangent road with flat terrain,Y,Asphalt roads,Dry,Daylight,Normal,Collision with pedestrians,2,1,Going straight,Driver or rider,Male,31-50,Driver,Normal,Not a Pedestrian,No distancing,Slight Injury
18:21:00,Sunday,Over 51,Male,High school,Owner,2-5yr,Public (13?45 seats),Owner,Above 10yr,No defect,School areas,Other,Tangent road with flat terrain,Y,Asphalt roads,Dry,Daylight,Normal,Vehicle with vehicle collision,2,1,Going straight,na,na,na,Driver,Normal,Not a Pedestrian,No distancing,Slight Injury
18:40:00,Saturday,31-50,Male,,Employee,,Public (13?45 seats),Owner,2-5yrs,No defect,Other,Undivided Two way,Tangent road with flat terrain,Y,Asphalt roads,Dry,Daylight,Normal,Vehicle with vehicle collision,2,1,Going straight,Driver or rider,Male,Under 18,Driver,Normal,Not a Pedestrian,Changing lane to the left,Slight Injury
18:40:00,Saturday,18-30,Male,Junior high school,Owner,1-2yr,,Owner,1-2yr,No defect,Office areas,Undivided Two way,Tangent road with flat terrain,Y,Asphalt roads,Dry,Daylight,Normal,Vehicle with vehicle collision,2,1,Going straight,Passenger,Male,Under 18,Driver,Normal,Not a Pedestrian,Changing lane to the right,Slight Injury
4:02:00,Sunday,Unknown,Male,Junior high school,,Below 1yr,Long lorry,Owner,1-2yr,No defect,Residential areas,Other,Steep grade downward with mountainous terrain,+,Asphalt roads,Dry,Darkness - lights lit,Normal,Rollover,2,3,Going straight,na,na,na,Driver,Normal,Not a Pedestrian,Moving Backward,Slight Injury
4:02:00,Sunday,Unknown,Male,High school,Employee,1-2yr,Lorry (41?100Q),Owner,1-2yr,No defect,Industrial areas,One way,Tangent road with flat terrain,+,Asphalt roads,Dry,Darkness - lights lit,Normal,Collision with roadside objects,2,3,Stopping,Passenger,Male,18-30,Driver,Normal,Not a Pedestrian,Changing lane to the right,Slight Injury
4:02:00,Sunday,Unknown,Male,Above high school,Employee,1-2yr,Lorry (11?40Q),Owner,2-5yrs,No defect,Other,Undivided Two way,Tangent road with flat terrain,+,Asphalt roads,Dry,Darkness - lights lit,Normal,Vehicle with vehicle collision,2,3,Turnover,na,na,na,Employee,Normal,Not a Pedestrian,No distancing,Slight Injury
4:02:00,Sunday,31-50,Male,Junior high school,Employee,Above 10yr,Lorry (41?100Q),Owner,1-2yr,No defect,Residential areas,Undivided Two way,Tangent road with flat terrain,+,Asphalt roads,Dry,Darkness - lights lit,Normal,Vehicle with vehicle collision,2,3,Getting off,na,na,na,Driver,Normal,Not a Pedestrian,Overtaking,Slight Injury
12:47:00,Saturday,31-50,Male,High school,Employee,1-2yr,Public (12 seats),Owner,1-2yr,No defect,Recreational areas,Two-way (divided with broken lines road marking),Tangent road with flat terrain,No junction,Asphalt roads,Dry,Daylight,Normal,Collision with roadside objects,1,1,Moving Backward,na,na,na,Employee,Normal,Not a Pedestrian,Other,Slight Injury
9:20:00,Friday,31-50,Male,Junior high school,Employee,2-5yr,,Owner,Unknown,7,Office areas,Other,Tangent road with flat terrain,Y,Asphalt roads with some distress,Dry,Daylight,Normal,Vehicle with vehicle collision,1,1,Moving Backward,Driver or rider,Female,18-30,Self-employed,Normal,Not a Pedestrian,Other,Slight Injury
14:23:00,Sunday,18-30,Male,Above high school,Other,2-5yr,Taxi,Owner,,No defect,Outside Rural village areas,Two-way (divided with broken lines road marking),Tangent road with flat terrain,No junction,Asphalt roads,Dry,Daylight,Normal,Vehicle with vehicle collision,2,1,Going straight,Passenger,Male,Under 18,Driver,Normal,Not a Pedestrian,Changing lane to the right,Slight Injury
14:23:00,Sunday,Unknown,Male,High school,Employee,Above 10yr,,Owner,1-2yr,No defect,Outside Rural village areas,Two-way (divided with broken lines road marking),Tangent road with flat terrain,No junction,Asphalt roads,Dry,Daylight,Normal,Vehicle with vehicle collision,2,1,Turnover,Passenger,Female,Under 18,Driver,Normal,Not a Pedestrian,No priority to pedestrian,Slight Injury
14:32:00,Monday,31-50,Male,Elementary school,Employee,5-10yr,Automobile,Owner,1-2yr,No defect,Outside Rural village areas,Undivided Two way,Tangent road with flat terrain,+,Asphalt roads,Dry,Daylight,Normal,Rollover,2,4,Going straight,Passenger,Male,Under 18,Self-employed,Normal,Not a Pedestrian,No priority to vehicle,Slight Injury
14:32:00,Monday,31-50,Male,High school,Employee,1-2yr,,Governmental,Below 1yr,No defect,Outside Rural village areas,Undivided Two way,Tangent road with flat terrain,+,Asphalt roads,Dry,Daylight,Normal,Rollover,2,4,Going straight,Driver or rider,Female,18-30,Self-employed,Normal,Not a Pedestrian,Changing lane to the left,Slight Injury
14:32:00,Monday,Over 51,Male,High school,Employee,5-10yr,Lorry (41?100Q),Owner,,No defect,Outside Rural village areas,Other,Steep grade downward with mountainous terrain,+,Asphalt roads,Dry,Daylight,Normal,Collision with pedestrians,2,4,U-Turn,na,na,na,Driver,Normal,Not a Pedestrian,Changing lane to the left,Slight Injury
14:32:00,Monday,Over 51,Male,High school,Employee,2-5yr,Automobile,Owner,,No defect,School areas,Other,Steep grade downward with mountainous terrain,+,Asphalt roads,Dry,Daylight,Normal,Vehicle with vehicle collision,2,4,Going straight,na,na,na,Driver,Normal,Not a Pedestrian,Overtaking,Slight Injury
8:40:00,Wednesday,18-30,Male,Junior high school,Employee,1-2yr,Automobile,Owner,Above 10yr,No defect,Outside Rural village areas,Two-way (divided with broken lines road marking),Tangent road with flat terrain,Y,Asphalt roads,Dry,Daylight,Normal,Vehicle with vehicle collision,2,1,Going straight,Driver or rider,Female,18-30,Self-employed,Normal,Not a Pedestrian,No distancing,Slight Injury
8:40:00,Wednesday,Unknown,Male,Above high school,Employee,Above 10yr,Lorry (41?100Q),Owner,,No defect,Outside Rural village areas,Undivided Two way,Tangent road with flat terrain,Y,Asphalt roads,Dry,Daylight,Normal,Vehicle with vehicle collision,2,1,U-Turn,na,na,na,Self-employed,Normal,Not a Pedestrian,No priority to vehicle,Slight Injury
18:33:00,Tuesday,18-30,Male,Above high school,Employee,2-5yr,Automobile,Owner,,No defect,Outside Rural village areas,Two-way (divided with broken lines road marking),Escarpments,+,Asphalt roads,Dry,Daylight,Normal,Collision with pedestrians,2,1,Stopping,Driver or rider,Female,18-30,Driver,Normal,Not a Pedestrian,Changing lane to the right,Slight Injury
18:33:00,Tuesday,18-30,Male,Elementary school,Employee,5-10yr,Automobile,Owner,2-5yrs,No defect,Outside Rural village areas,Two-way (divided with broken lines road marking),Tangent road with mountainous terrain and,+,Asphalt roads,Dry,Daylight,Normal,Collision with pedestrians,2,1,Going straight,Passenger,Female,31-50,Driver,Normal,Not a Pedestrian,Changing lane to the left,Slight Injury
10:50:00,Thursday,18-30,Male,Elementary school,Employee,1-2yr,Automobile,Owner,2-5yrs,No defect,Office areas,Undivided Two way,Tangent road with mountainous terrain and,Y,Asphalt roads,Dry,Daylight,Normal,Vehicle with vehicle collision,2,1,Moving Backward,na,na,na,Driver,Normal,Not a Pedestrian,No distancing,Slight Injury
10:50:00,Thursday,Unknown,Male,Junior high school,Employee,,Taxi,Owner,2-5yrs,No defect,Outside Rural village areas,Undivided Two way,Tangent road with mountainous terrain and,Y,Asphalt roads,Dry,Daylight,Normal,Vehicle with vehicle collision,2,1,Getting off,Driver or rider,Female,31-50,Driver,Normal,Not a Pedestrian,Driving carelessly,Slight Injury
17:25:00,Wednesday,31-50,Male,,,,,Owner,,No defect,Outside Rural village areas,Undivided Two way,Tangent road with mountainous terrain and,O,Asphalt roads,Dry,Daylight,Normal,Vehicle with vehicle collision,2,1,Going straight,Driver or rider,Female,Under 18,,,Not a Pedestrian,No priority to pedestrian,Slight Injury
17:25:00,Wednesday,31-50,Male,Elementary school,Employee,5-10yr,,Owner,2-5yrs,No defect,Outside Rural village areas,Undivided Two way,Tangent road with flat terrain,O,Asphalt roads,Dry,Daylight,Normal,Collision with roadside objects,2,1,Going straight,na,na,na,,Normal,Not a Pedestrian,Driving carelessly,Slight Injury