Time,Day_of_week,Age_band_of_driver,Drivers_gender,Educational_level,Vehicle_driver_relation,Driving_experience,Type_of_vehicle,Owner_of_vehicle,Service_year_of_vehicle,Defect_of_vehicle,Area_accident_occured,Lanes_or_Medians,Road_allignment,Types_of_Junction,Road_surface_type,Road_surface_conditions,Light_conditions,Weather_conditions,Type_of_collision,Number_of_vehicles_involved,Number_of_casualties,Vehicle_movement,Casualty_class,Casualty_gender,Age_band_of_casualty,Work_of_casuality,Fitness_of_casuality,Pedestrian_movement,Cause_of_accident,Accident_severity
23:52:00,Tuesday,31-50,Male,Junior high school,Employee,2-5yr,Public (> 45 seats),Owner,5-10yrs,No defect,Church areas,Other,Tangent road with flat terrain,Y,Asphalt roads,Dry,Darkness - lights lit,Normal,Vehicle with vehicle collision,1,1,Reversing,na,na,na,Driver,Normal,Not a Pedestrian,No priority to pedestrian,Slight Injury
20:20:00,Friday,Over 51,Male,High school,Employee,1-2yr,Stationwagen,Owner,5-10yrs,No defect,Church areas,Undivided Two way,Tangent road with flat terrain,Y,Asphalt roads,Dry,Daylight,Normal,Vehicle with vehicle collision,2,1,Going straight,Driver or rider,Male,18-30,Self-employed,Normal,Not a Pedestrian,No distancing,Slight Injury
20:20:00,Friday,31-50,Male,Junior high school,Employee,5-10yr,Automobile,Owner,,No defect,Other,Two-way (divided with broken lines road marking),Tangent road with flat terrain,Y,Asphalt roads,Dry,Daylight,Normal,Vehicle with vehicle collision,2,1,Going straight,Driver or rider,Female,18-30,Self-employed,Normal,Not a Pedestrian,Changing lane to the right,Slight Injury
22:10:00,Monday,Over 51,Male,Junior high school,Employee,Below 1yr,Bicycle,Owner,,No defect,Other,One way,Tangent road with flat terrain,Y,Asphalt roads,Dry,Darkness - lights lit,Normal,Vehicle with vehicle collision,2,1,Other,na,na,na,Self-employed,Normal,Not a Pedestrian,Driving carelessly,Slight Injury
22:10:00,Monday,31-50,Male,Junior high school,Employee,Below 1yr,Automobile,Governmental,2-5yrs,,Recreational areas,Two-way (divided with broken lines road marking),Tangent road with flat terrain,Y,Asphalt roads,Dry,Darkness - lights lit,Normal,Collision with pedestrians,2,1,Going straight,Pedestrian,Female,31-50,,,Not a Pedestrian,Changing lane to the right,Slight Injury
3:00:00,Saturday,Over 51,Male,Elementary school,Employee,,Lorry (41?100Q),Owner,2-5yrs,,Other,Undivided Two way,Tangent road with flat terrain,+,Asphalt roads,Wet or damp,Darkness - lights lit,Raining,Collision with pedestrians,2,3,Going straight,na,na,na,Self-employed,Normal,Not a Pedestrian,Overtaking,Slight Injury
3:00:00,Saturday,Over 51,Male,Junior high school,Employee,Below 1yr,Automobile,Owner,5-10yrs,,Office areas,Undivided Two way,Tangent road with flat terrain,+,Asphalt roads,Wet or damp,Darkness - lights lit,Raining,Vehicle with vehicle collision,2,3,Going straight,Driver or rider,Male,18-30,Self-employed,Normal,Not a Pedestrian,Other,Slight Injury
3:00:00,Saturday,Over 51,Male,Junior high school,Employee,1-2yr,Public (13?45 seats),Owner,5-10yrs,No defect,Church areas,Two-way (divided with broken lines road marking),Tangent road with flat terrain,+,Asphalt roads,Wet or damp,Darkness - lights lit,Raining,Vehicle with vehicle collision,2,3,Turnover,na,na,na,Driver,Deaf,Not a Pedestrian,Driving to the left,Slight Injury
3:00:00,Saturday,Under 18,Male,Elementary school,Employee,2-5yr,Special vehicle,Owner,2-5yrs,,Office areas,Two-way (divided with broken lines road marking),Tangent road with flat terrain,+,Asphalt roads,Wet or damp,Darkness - lights lit,Raining,Collision with roadside objects,2,3,Going straight,Driver or rider,Male,31-50,Driver,Normal,Not a Pedestrian,Driving at high speed,Slight Injury
8:02:00,Sunday,31-50,Male,High school,Employee,1-2yr,Automobile,,,No defect,Office areas,Undivided Two way,Tangent road with mountainous terrain and,Y,Asphalt roads,Dry,Daylight,Normal,Vehicle with vehicle collision,2,1,Going straight,Pedestrian,Female,18-30,Self-employed,Normal,Crossing from nearside - masked by parked or statioNot a Pedestrianry vehicle,Unknown,Slight Injury
8:02:00,Sunday,31-50,Male,Junior high school,Employee,5-10yr,Public (13?45 seats),Owner,2-5yrs,No defect,Other,Undivided Two way,Tangent road with flat terrain,Y,Asphalt roads,Dry,Daylight,Normal,Vehicle with vehicle collision,2,1,Reversing,na,na,na,Self-employed,Normal,Not a Pedestrian,Changing lane to the right,Slight Injury
8:40:00,Saturday,18-30,Male,Junior high school,Employee,Below 1yr,,Governmental,,,Residential areas,Two-way (divided with broken lines road marking),Tangent road with flat terrain,+,Asphalt roads,Dry,Daylight,Normal,Vehicle with vehicle collision,2,1,Other,Driver or rider,Male,18-30,Driver,Normal,Not a Pedestrian,No distancing,Slight Injury
8:40:00,Saturday,18-30,Male,High school,Employee,Above 10yr,Lorry (41?100Q),Owner,2-5yrs,No defect,Office areas,Two-way (divided with broken lines road marking),Tangent road with mild grade and flat terrain,+,Asphalt roads,Dry,Daylight,Normal,Vehicle with vehicle collision,2,1,Going straight,Driver or rider,Male,18-30,Driver,Normal,Not a Pedestrian,Other,Slight Injury
13:10:00,Monday,Over 51,Male,Elementary school,Owner,5-10yr,Lorry (41?100Q),Owner,2-5yrs,,Residential areas,Other,Tangent road with flat terrain,Y,Asphalt roads,Dry,Daylight,Normal,Collision with roadside objects,1,1,Going straight,Driver or rider,Male,18-30,,,Not a Pedestrian,No priority to vehicle,Slight Injury
14:30:00,Saturday,Over 51,Male,Elementary school,Employee,Below 1yr,Public (12 seats),Owner,Unknown,No defect,Residential areas,Two-way (divided with broken lines road marking),Tangent road with flat terrain,Y,Asphalt roads,Dry,Daylight,Normal,Vehicle with vehicle collision,2,1,Moving Backward,Driver or rider,Female,31-50,Driver,Normal,Not a Pedestrian,Changing lane to the left,Slight Injury
14:30:00,Saturday,18-30,Male,Junior high school,Employee,5-10yr,Lorry (41?100Q),Owner,,No defect,Other,Double carriageway (median),Tangent road with flat terrain,Y,Asphalt roads,Dry,Daylight,Normal,Vehicle with vehicle collision,2,1,Reversing,Driver or rider,Male,Over 51,Driver,Normal,Not a Pedestrian,No priority to pedestrian,Slight Injury
11:29:00,Thursday,Over 51,Male,Elementary school,Owner,5-10yr,Lorry (41?100Q),Owner,,No defect,Hospital areas,One way,Tangent road with flat terrain,Y,Asphalt roads,Dry,Daylight,Normal,Collision with roadside objects,2,1,Going straight,na,na,na,Student,Normal,Not a Pedestrian,Overtaking,Slight Injury
11:29:00,Thursday,31-50,Male,Junior high school,Employee,2-5yr,Public (12 seats),Governmental,,No defect,Other,Undivided Two way,Tangent road with flat terrain,Y,Asphalt roads,Dry,Daylight,Normal,Vehicle with vehicle collision,2,1,Going straight,Pedestrian,Male,Under 18,Employee,Normal,Not a Pedestrian,Driving carelessly,Slight Injury
0:10:00,Saturday,18-30,Male,Junior high school,Employee,Above 10yr,Public (> 45 seats),Owner,,No defect,Other,Undivided Two way,Tangent road with flat terrain,Y,Asphalt roads,Dry,Darkness - lights lit,Normal,Collision with roadside objects,2,1,Moving Backward,na,na,na,Driver,Normal,Not a Pedestrian,No priority to vehicle,Slight Injury
0:10:00,Saturday,31-50,Male,Junior high school,Employee,5-10yr,Automobile,Owner,,No defect,Recreational areas,One way,Tangent road with mild grade and flat terrain,Y,Asphalt roads,Dry,Darkness - lights lit,Normal,Vehicle with vehicle collision,2,1,Going straight,Driver or rider,Male,18-30,Other,Normal,Not a Pedestrian,No priority to pedestrian,Slight Injury
6:15:00,Wednesday,31-50,Male,High school,Employee,1-2yr,Pick up upto 10Q,Owner,,No defect,Other,Undivided Two way,Tangent road with flat terrain,Y,Asphalt roads,Dry,Daylight,Normal,Vehicle with vehicle collision,1,1,Going straight,Driver or rider,Male,31-50,,Normal,Not a Pedestrian,Changing lane to the right,Slight Injury
16:24:00,Wednesday,18-30,Male,Junior high school,Employee,Above 10yr,Stationwagen,Owner,,No defect,Other,Undivided Two way,Tangent road with flat terrain,Y,Asphalt roads,Dry,Daylight,Normal,Vehicle with vehicle collision,2,1,Going straight,Driver or rider,Female,Over 51,,,Not a Pedestrian,Driving carelessly,Slight Injury
16:24:00,Wednesday,31-50,Male,Elementary school,Owner,2-5yr,Other,Owner,,No defect,Other,Undivided Two way,Tangent road with flat terrain,Y,Asphalt roads,Dry,Daylight,Normal,Vehicle with vehicle collision,2,1,Going straight,na,na,na,,,Not a Pedestrian,Changing lane to the right,Slight Injury
8:30:00,Friday,18-30,Male,Junior high school,Employee,5-10yr,,Owner,Below 1yr,No defect,Office areas,Two-way (divided with broken lines road marking),Tangent road with flat terrain,+,Asphalt roads,Dry,Daylight,Normal,Vehicle with vehicle collision,3,1,Going straight,Driver or rider,Female,31-50,Employee,,Not a Pedestrian,Changing lane to the right,Serious Injury
8:30:00,Friday,31-50,Male,Junior high school,Employee,Below 1yr,Automobile,Owner,2-5yrs,No defect,Other,Two-way (divided with broken lines road marking),Tangent road with mild grade and flat terrain,+,Asphalt roads,Dry,Daylight,Normal,Vehicle with vehicle collision,3,1,Going straight,Driver or rider,Male,31-50,Driver,,Not a Pedestrian,Changing lane to the left,Serious Injury
8:30:00,Friday,31-50,Male,Junior high school,Employee,5-10yr,Stationwagen,Owner,,No defect,Residential areas,Two-way (divided with broken lines road marking),Tangent road with flat terrain,+,Asphalt roads,Dry,Daylight,Normal,Vehicle with vehicle collision,3,1,,Driver or rider,Female,31-50,Driver,,Not a Pedestrian,Overturning,Serious Injury
23:25:00,Wednesday,Unknown,Female,High school,Employee,Above 10yr,Pick up upto 10Q,Owner,5-10yrs,No defect,Other,Undivided Two way,Tangent road with flat terrain,Y,Asphalt roads,Dry,Darkness - lights lit,Normal,Vehicle with vehicle collision,1,1,Going straight,na,na,na,Driver,,Not a Pedestrian,Driving carelessly,Slight Injury
10:55:00,Sunday,18-30,Male,Junior high school,Employee,5-10yr,Lorry (41?100Q),Owner,Unknown,No defect,Other,Undivided Two way,Tangent road with flat terrain,+,Asphalt roads,Dry,Daylight,Normal,Collision with pedestrians,1,1,Reversing,Driver or rider,Male,31-50,Self-employed,Normal,Not a Pedestrian,No distancing,Slight Injury
7:36:00,Monday,Over 51,Male,Elementary school,Employee,1-2yr,Automobile,Owner,,,Church areas,Undivided Two way,Tangent road with flat terrain,+,Asphalt roads,Dry,Daylight,Normal,Collision with roadside objects,2,1,Going straight,Passenger,Female,18-30,Driver,Normal,Not a Pedestrian,Driving carelessly,Slight Injury
7:36:00,Monday,31-50,Male,Junior high school,Employee,,,Owner,1-2yr,5,Office areas,Undivided Two way,Tangent road with flat terrain,+,Asphalt roads,Dry,Daylight,Normal,Vehicle with vehicle collision,2,1,Going straight,Passenger,Male,Under 18,Other,Normal,Not a Pedestrian,Changing lane to the left,Slight Injury
8:50:00,Monday,Unknown,Female,Above high school,Employee,1-2yr,Lorry (41?100Q),Owner,Above 10yr,No defect,School areas,Other,Tangent road with flat terrain,Y,Asphalt roads,Dry,Daylight,Normal,Vehicle with vehicle collision,1,1,Going straight,Passenger,Male,18-30,,,Not a Pedestrian,No priority to vehicle,Slight Injury
9:00:00,Tuesday,31-50,Male,Junior high school,Employee,Above 10yr,Lorry (41?100Q),Owner,2-5yrs,No defect,Other,Undivided Two way,Tangent road with flat terrain,Y,Asphalt roads,Wet or damp,Daylight,Raining,Collision with roadside objects,2,1,Going straight,Passenger,Male,18-30,Driver,Normal,Not a Pedestrian,Changing lane to the right,Slight Injury
9:00:00,Tuesday,31-50,Male,Junior high school,Employee,1-2yr,Lorry (41?100Q),Owner,1-2yr,No defect,Office areas,Undivided Two way,Tangent road with flat terrain,Y,Asphalt roads,Wet or damp,Daylight,Raining,Vehicle with vehicle collision,2,1,Going straight,Passenger,Male,Under 18,Self-employed,Normal,Not a Pedestrian,No distancing,Slight Injury
9:00:00,Monday,31-50,Male,Junior high school,Employee,5-10yr,Pick up upto 10Q,Owner,1-2yr,No defect,Residential areas,Other,Steep grade downward with mountainous terrain,Y,Asphalt roads,Dry,Daylight,Normal,Vehicle with vehicle collision,1,2,Going straight,Driver or rider,Male,18-30,Self-employed,Normal,Not a Pedestrian,Moving Backward,Slight Injury
9:00:00,Monday,31-50,Male,Junior high school,Employee,2-5yr,Pick up upto 10Q,Owner,1-2yr,No defect,Industrial areas,One way,Tangent road with flat terrain,Y,Asphalt roads,Dry,Daylight,Normal,Collision with pedestrians,1,2,Other,na,na,na,Self-employed,Normal,Not a Pedestrian,Moving Backward,Slight Injury
10:30:00,Wednesday,31-50,Male,,,,Automobile,Owner,2-5yrs,No defect,Other,Undivided Two way,Tangent road with flat terrain,Y,Asphalt roads,Dry,Daylight,Normal,Vehicle with vehicle collision,2,1,Moving Backward,na,na,na,,Other,Not a Pedestrian,No distancing,Slight Injury
10:30:00,Wednesday,Over 51,Male,Junior high school,Employee,2-5yr,Other,Owner,1-2yr,No defect,Residential areas,Undivided Two way,Tangent road with flat terrain,Y,Asphalt roads,Dry,Daylight,Normal,Collision with pedestrians,2,1,Other,Driver or rider,Female,Under 18,Driver,Blind,Not a Pedestrian,No distancing,Slight Injury
8:47:00,Thursday,18-30,Male,Junior high school,Employee,2-5yr,,Owner,1-2yr,No defect,Recreational areas,Two-way (divided with broken lines road marking),Tangent road with flat terrain,Y,Asphalt roads,Wet or damp,Daylight,Raining,Vehicle with vehicle collision,2,1,Going straight,na,na,na,Driver,Normal,Not a Pedestrian,No distancing,Slight Injury
8:47:00,Thursday,Unknown,Male,Junior high school,Employee,Above 10yr,Automobile,Owner,Unknown,7,Office areas,Other,Tangent road with flat terrain,Y,Asphalt roads,Wet or damp,Daylight,Raining,Vehicle with vehicle collision,2,1,Going straight,Driver or rider,Male,18-30,Self-employed,Normal,Not a Pedestrian,No priority to pedestrian,Slight Injury
4:28:00,Tuesday,31-50,Male,Junior high school,Employee,1-2yr,Motorcycle,Owner,,No defect,Outside Rural village areas,Two-way (divided with broken lines road marking),Tangent road with flat terrain,+,Asphalt roads,Dry,Darkness - lights lit,Normal,Collision with roadside objects,2,1,Going straight,na,na,na,Driver,Normal,Not a Pedestrian,Driving carelessly,Slight Injury
4:28:00,Tuesday,18-30,Male,Above high school,Owner,1-2yr,Automobile,Owner,1-2yr,No defect,Outside Rural village areas,Two-way (divided with broken lines road marking),Tangent road with flat terrain,+,Asphalt roads,Dry,Darkness - lights lit,Normal,Vehicle with vehicle collision,2,1,Other,Driver or rider,Male,31-50,Driver,Normal,Not a Pedestrian,Changing lane to the right,Slight Injury
8:05:00,Thursday,31-50,Male,Above high school,Employee,No Licence,Automobile,Owner,1-2yr,No defect,Outside Rural village areas,Undivided Two way,Tangent road with flat terrain,Y,Asphalt roads,Dry,Daylight,Normal,Vehicle with vehicle collision,2,1,Going straight,Pedestrian,Female,Under 18,Driver,Normal,Crossing from nearside - masked by parked or statioNot a Pedestrianry vehicle,Changing lane to the left,Slight Injury
8:05:00,Thursday,31-50,Male,Junior high school,Employee,1-2yr,Public (12 seats),Governmental,Below 1yr,No defect,Outside Rural village areas,Undivided Two way,Tangent road with flat terrain,Y,Asphalt roads,Dry,Daylight,Normal,Vehicle with vehicle collision,2,1,,na,na,na,Driver,Normal,Not a Pedestrian,Driving carelessly,Slight Injury
9:20:00,Saturday,Over 51,Male,Junior high school,Employee,5-10yr,Long lorry,Owner,,No defect,Outside Rural village areas,Other,Steep grade downward with mountainous terrain,No junction,Asphalt roads,Dry,Daylight,Normal,Collision with pedestrians,1,1,Going straight,Driver or rider,Male,18-30,Driver,Normal,Not a Pedestrian,Driving carelessly,Serious Injury
18:45:00,Thursday,Over 51,Male,Junior high school,Employee,Above 10yr,,Owner,,No defect,School areas,Other,Steep grade downward with mountainous terrain,+,Asphalt roads,Dry,Daylight,Normal,Collision with roadside objects,1,1,Going straight,Passenger,Male,18-30,Driver,Normal,Not a Pedestrian,No distancing,Slight Injury
18:45:00,Tuesday,31-50,Male,Junior high school,Employee,Above 10yr,Automobile,Owner,Above 10yr,No defect,Outside Rural village areas,Two-way (divided with broken lines road marking),Tangent road with flat terrain,Y,Asphalt roads,Dry,Daylight,Normal,Collision with pedestrians,1,2,Going straight,na,na,na,,Normal,Not a Pedestrian,Other,Slight Injury
18:45:00,Tuesday,31-50,Male,Junior high school,Owner,5-10yr,Public (> 45 seats),Owner,,No defect,Outside Rural village areas,Undivided Two way,Tangent road with flat terrain,Y,Other,Dry,Daylight,Normal,Vehicle with vehicle collision,1,2,Going straight,Driver or rider,Male,Over 51,Employee,Normal,Not a Pedestrian,Changing lane to the right,Slight Injury
13:27:00,Monday,31-50,Male,Elementary school,Employee,2-5yr,Pick up upto 10Q,Owner,,No defect,Outside Rural village areas,Two-way (divided with broken lines road marking),Escarpments,Y,Asphalt roads,Dry,Daylight,Normal,Vehicle with vehicle collision,1,1,Moving Backward,na,na,na,,,Not a Pedestrian,Changing lane to the right,Slight Injury
21:00:00,Monday,18-30,Male,Junior high school,Employee,2-5yr,Lorry (41?100Q),Owner,2-5yrs,No defect,Outside Rural village areas,Two-way (divided with broken lines road marking),Tangent road with mountainous terrain and,No junction,Asphalt roads,Wet or damp,Darkness - lights lit,Raining,Vehicle with vehicle collision,2,1,Moving Backward,na,na,na,Driver,Normal,Not a Pedestrian,No distancing,Slight Injury
21:00:00,Monday,31-50,Male,Junior high school,Employee,Below 1yr,Automobile,Owner,2-5yrs,No defect,Office areas,Undivided Two way,Tangent road with mountainous terrain and,No junction,Asphalt roads,Wet or damp,Darkness - lights lit,Raining,Vehicle with vehicle collision,2,1,Going straight,Driver or rider,Male,Over 51,Self-employed,Normal,Not a Pedestrian,No distancing,Slight Injury
14:20:00,Sunday,31-50,Male,Junior high school,Employee,2-5yr,Public (13?45 seats),Owner,2-5yrs,No defect,Outside Rural village areas,Undivided Two way,Tangent road with mountainous terrain and,Y,Asphalt roads,Dry,Daylight,Normal,Vehicle with vehicle collision,1,1,Going straight,Passenger,Female,31-50,Self-employed,Normal,Not a Pedestrian,Overturning,Slight Injury
16:54:00,Tuesday,Over 51,Male,Junior high school,Employee,2-5yr,Automobile,Owner,,No defect,Outside Rural village areas,Undivided Two way,Tangent road with mountainous terrain and,Y,Asphalt roads,Dry,Daylight,Normal,Collision with roadside objects,1,1,Turnover,na,na,na,,,Not a Pedestrian,Driving at high speed,Slight Injury
16:40:00,Thursday,Unknown,Female,Elementary school,Employee,5-10yr,Public (> 45 seats),Owner,2-5yrs,No defect,Outside Rural village areas,Undivided Two way,Tangent road with flat terrain,Out of junction,Asphalt roads,Dry,Daylight,Normal,Collision with roadside objects,2,1,Going straight,Driver or rider,Female,31-50,Self-employed,Normal,Not a Pedestrian,No priority to vehicle,Slight Injury
16:40:00,Thursday,31-50,Male,Junior high school,Employee,Above 10yr,Public (12 seats),Owner,,No defect,Office areas,Undivided Two way,Tangent road with flat terrain,Out of junction,Asphalt roads,Dry,Daylight,Normal,Vehicle with vehicle collision,2,1,Going straight,Driver or rider,Female,Under 18,,,Not a Pedestrian,No priority to pedestrian,Slight Injury
16:55:00,Tuesday,Unknown,Male,,,,Automobile,Owner,,No defect,Recreational areas,Undivided Two way,Tangent road with flat terrain,Y,Asphalt roads,Dry,Daylight,Normal,Vehicle with vehicle collision,1,1,Going straight,na,na,na,Self-employed,Normal,Not a Pedestrian,No priority to vehicle,Slight Injury
16:00:00,Friday,Unknown,Female,Junior high school,Employee,2-5yr,Lorry (41?100Q),Owner,Above 10yr,No defect,Office areas,Undivided Two way,Tangent road with flat terrain,Y,Asphalt roads,Dry,Daylight,Normal,Vehicle with vehicle collision,2,1,Going straight,Driver or rider,Male,18-30,Driver,Normal,Not a Pedestrian,Other,Slight Injury
16:00:00,Friday,31-50,Male,Junior high school,Employee,5-10yr,Automobile,Owner,2-5yrs,No defect,Other,Two-way (divided with broken lines road marking),Tangent road with mild grade and flat terrain,Y,Asphalt roads,Dry,Daylight,Normal,Vehicle with vehicle collision,2,1,Going straight,Driver or rider,Female,18-30,Self-employed,Normal,Not a Pedestrian,Other,Slight Injury
17:00:00,Sunday,18-30,Male,Above high school,Employee,2-5yr,Pick up upto 10Q,Owner,Above 10yr,No defect,Residential areas,Two-way (divided with broken lines road marking),Tangent road with flat terrain,Out of junction,Asphalt roads,Dry,Daylight,Normal,Vehicle with vehicle collision,1,1,Going straight,Driver or rider,Female,18-30,Self-employed,Normal,Not a Pedestrian,Moving Backward,Serious Injury
6:10:00,Tuesday,31-50,Male,,,,Public (12 seats),Owner,Above 10yr,No defect,Residential areas,Other,Tangent road with flat terrain,Y,Asphalt roads,Dry,Darkness - lights lit,Normal,Vehicle with vehicle collision,2,1,Going straight,Driver or rider,Male,31-50,Self-employed,Normal,Not a Pedestrian,No distancing,Slight Injury
6:10:00,Tuesday,31-50,Male,,Employee,1-2yr,Automobile,Owner,,No defect,Residential areas,Undivided Two way,Tangent road with flat terrain,Y,Asphalt roads,Dry,Darkness - lights lit,Normal,Vehicle with vehicle collision,2,1,Going straight,Driver or rider,Male,Over 51,Driver,Normal,Not a Pedestrian,Moving Backward,Slight Injury
16:45:00,Wednesday,Unknown,Female,Junior high school,Employee,2-5yr,Automobile,Owner,Above 10yr,No defect,Other,Undivided Two way,Tangent road with flat terrain,Y,Asphalt roads,Dry,Daylight,Normal,Vehicle with vehicle collision,2,1,,Passenger,Female,Under 18,Employee,Normal,Not a Pedestrian,No priority to vehicle,Slight Injury
16:45:00,Wednesday,18-30,Male,Junior high school,Employee,Above 10yr,Automobile,Owner,,No defect,Office areas,Two-way (divided with broken lines road marking),Tangent road with flat terrain,Y,Asphalt roads,Dry,Daylight,Normal,Vehicle with vehicle collision,2,1,Other,na,na,na,,Normal,Not a Pedestrian,Driving carelessly,Slight Injury
0:01:00,Sunday,Unknown,Female,Junior high school,Employee,Below 1yr,Stationwagen,Owner,,,Other,Two-way (divided with broken lines road marking),Tangent road with flat terrain,No junction,Asphalt roads,Dry,Darkness - lights lit,Normal,Vehicle with vehicle collision,2,1,Getting off,Driver or rider,Male,31-50,,,Not a Pedestrian,No distancing,Slight Injury
0:01:00,Sunday,31-50,Male,Junior high school,Employee,2-5yr,Other,Owner,Above 10yr,,Other,Other,Tangent road with flat terrain,No junction,Asphalt roads,Dry,Darkness - lights lit,Normal,Other,2,1,Going straight,Pedestrian,Female,Over 51,,,Not a Pedestrian,Other,Slight Injury
8:30:00,Monday,31-50,Male,Junior high school,Employee,Below 1yr,Other,Owner,5-10yrs,,Office areas,Two-way (divided with broken lines road marking),Tangent road with flat terrain,Y,Asphalt roads,Dry,Daylight,Normal,Vehicle with vehicle collision,2,1,Going straight,na,na,na,,,Not a Pedestrian,Changing lane to the right,Slight Injury
8:30:00,Monday,Unknown,Female,High school,Employee,5-10yr,Other,Owner,Below 1yr,,Church areas,Other,Tangent road with flat terrain,Y,Asphalt roads,Dry,Daylight,Normal,Collision with roadside objects,2,1,Going straight,Driver or rider,Female,31-50,Self-employed,Normal,Not a Pedestrian,No distancing,Slight Injury
9:15:00,Wednesday,18-30,Male,Above high school,Employee,1-2yr,Public (13?45 seats),Owner,Unknown,No defect,Other,Two-way (divided with broken lines road marking),Tangent road with flat terrain,+,Asphalt roads,Dry,Daylight,Normal,Vehicle with vehicle collision,2,1,Other,Passenger,Male,Under 18,Driver,Normal,Not a Pedestrian,Driving carelessly,Slight Injury
9:15:00,Wednesday,Unknown,Female,Junior high school,Employee,Below 1yr,Lorry (41?100Q),Owner,,,Other,One way,Tangent road with flat terrain,+,Asphalt roads,Dry,Daylight,Normal,Vehicle with vehicle collision,2,1,Going straight,Driver or rider,Male,Over 51,,,Not a Pedestrian,No distancing,Slight Injury
17:43:00,Monday,31-50,Male,,,,Public (12 seats),Owner,,,Office areas,Double carriageway (median),Tangent road with flat terrain,+,Asphalt roads,Dry,Daylight,Normal,Vehicle with vehicle collision,2,1,Moving Backward,na,na,na,,,Not a Pedestrian,No priority to vehicle,Slight Injury
17:43:00,Monday,31-50,Male,High school,Employee,Below 1yr,Automobile,Owner,,,Office areas,One way,Tangent road with mild grade and flat terrain,+,Asphalt roads,Dry,Daylight,Normal,Vehicle with vehicle collision,2,1,Other,Pedestrian,Female,31-50,Driver,Normal,"In carriageway, statioNot a Pedestrianry - not crossing  (standing or playing)",Changing lane to the right,Slight Injury
14:45:00,Wednesday,Unknown,Male,High school,Employee,Below 1yr,Automobile,Owner,,,Office areas,Undivided Two way,Tangent road with flat terrain,Y,Asphalt roads,Dry,Daylight,Normal,Vehicle with vehicle collision,1,1,Going straight,Driver or rider,Male,Over 51,Driver,Normal,Not a Pedestrian,No priority to pedestrian,Slight Injury
12:10:00,Tuesday,18-30,Male,,,,Stationwagen,Owner,,No defect,Office areas,Double carriageway (median),Tangent road with flat terrain,Y,Asphalt roads,Dry,Daylight,Normal,Vehicle with vehicle collision,2,1,Going straight,Driver or rider,Female,18-30,Self-employed,Normal,Not a Pedestrian,No priority to vehicle,Serious Injury
12:10:00,Tuesday,31-50,Male,High school,Employee,2-5yr,Lorry (41?100Q),Owner,Unknown,,,Two-way (divided with broken lines road marking),Tangent road with flat terrain,Y,Asphalt roads,Dry,Daylight,Normal,Collision with roadside objects,2,1,Going straight,Pedestrian,Female,Under 18,Driver,Normal,Crossing from nearside - masked by parked or statioNot a Pedestrianry vehicle,Changing lane to the left,Serious Injury
6:02:00,Saturday,31-50,Male,Junior high school,Employee,Above 10yr,Lorry (41?100Q),Owner,Below 1yr,,Office areas,Undivided Two way,Tangent road with flat terrain,Y,Asphalt roads,Dry,Darkness - lights lit,Normal,Collision with roadside objects,2,1,,na,na,na,Driver,Normal,Not a Pedestrian,Turnover,Slight Injury
6:02:00,Saturday,18-30,Male,Junior high school,Employee,Above 10yr,Lorry (41?100Q),Owner,Unknown,,Other,,Tangent road with flat terrain,Y,Asphalt roads,Dry,Darkness - lights lit,Normal,Vehicle with vehicle collision,2,1,Going straight,Driver or rider,Female,Over 51,Self-employed,Normal,Not a Pedestrian,Driving to the left,Slight Injury
22:05:00,Thursday,18-30,Male,Junior high school,Employee,5-10yr,Public (> 45 seats),Owner,,,Other,Double carriageway (median),Tangent road with flat terrain,Y,Gravel roads,Dry,Darkness - lights lit,Normal,Collision with roadside objects,2,1,Going straight,na,na,na,Self-employed,Normal,Not a Pedestrian,Driving carelessly,Slight Injury
22:05:00,Thursday,31-50,Male,Junior high school,Employee,1-2yr,Public (12 seats),Governmental,Unknown,,Other,Two-way (divided with broken lines road marking),Tangent road with flat terrain,Y,Asphalt roads,Dry,Darkness - lights lit,Normal,Collision with roadside objects,2,1,Going straight,Driver or rider,Male,31-50,Driver,Normal,Not a Pedestrian,Driving to the left,Slight Injury
18:45:00,Thursday,31-50,Male,Unknown,Employee,Below 1yr,Other,Owner,,,Office areas,,Tangent road with flat terrain,Y,Asphalt roads,Dry,Darkness - lights lit,Normal,Vehicle with vehicle collision,1,1,Going straight,na,na,na,Self-employed,Normal,Not a Pedestrian,Driving carelessly,Slight Injury
16:23:00,Saturday,31-50,Male,Junior high school,Employee,Below 1yr,Public (12 seats),Owner,,,Office areas,,Tangent road with flat terrain,No junction,Asphalt roads,Dry,Daylight,Normal,Vehicle with vehicle collision,1,1,Going straight,Driver or rider,Male,18-30,,,Not a Pedestrian,No priority to pedestrian,Slight Injury
11:00:00,Monday,Unknown,Female,High school,Employee,2-5yr,Other,Owner,,,Office areas,Two-way (divided with broken lines road marking),Tangent road with flat terrain,No junction,Asphalt roads,Dry,Daylight,Normal,Collision with roadside objects,1,1,Going straight,Pedestrian,Male,Over 51,,,Unknown or other,Driving carelessly,Slight Injury
17:25:00,Monday,31-50,Male,Junior high school,Owner,1-2yr,Public (12 seats),Governmental,,No defect,Office areas,Two-way (divided with broken lines road marking),Tangent road with flat terrain,Y,Asphalt roads,Wet or damp,Darkness - lights lit,Raining,Vehicle with vehicle collision,1,1,Going straight,Driver or rider,Male,Over 51,,,Not a Pedestrian,Changing lane to the right,Slight Injury