Time,Day_of_week,Age_band_of_driver,Drivers_gender,Educational_level,Vehicle_driver_relation,Driving_experience,Type_of_vehicle,Owner_of_vehicle,Service_year_of_vehicle,Defect_of_vehicle,Area_accident_occured,Lanes_or_Medians,Road_allignment,Types_of_Junction,Road_surface_type,Road_surface_conditions,Light_conditions,Weather_conditions,Type_of_collision,Number_of_vehicles_involved,Number_of_casualties,Vehicle_movement,Casualty_class,Casualty_gender,Age_band_of_casualty,Work_of_casuality,Fitness_of_casuality,Pedestrian_movement,Cause_of_accident,Accident_severity
15:20:00,Thursday,18-30,Male,Junior high school,Employee,2-5yr,Public (> 45 seats),Owner,,,Office areas,,Tangent road with flat terrain,Y,Asphalt roads,Dry,Daylight,Normal,Collision with pedestrians,3,3,Going straight,Pedestrian,Female,18-30,Driver,Normal,Crossing from nearside - masked by parked or statioNot a Pedestrianry vehicle,Changing lane to the right,Slight Injury
15:20:00,Thursday,31-50,Male,,,,Lorry (41?100Q),Owner,,,Office areas,Two-way (divided with broken lines road marking),Tangent road with flat terrain,Y,Asphalt roads,Dry,Daylight,Normal,Vehicle with vehicle collision,3,3,Going straight,Pedestrian,Male,Under 18,Self-employed,Normal,Crossing from nearside - masked by parked or statioNot a Pedestrianry vehicle,No priority to vehicle,Slight Injury
15:20:00,Thursday,31-50,Male,Elementary school,Employee,No Licence,Public (> 45 seats),Governmental,,No defect,Office areas,Two-way (divided with broken lines road marking),Tangent road with flat terrain,Y,Asphalt roads,Dry,Daylight,Normal,Vehicle with vehicle collision,3,3,Going straight,Passenger,Female,Under 18,Driver,Normal,Not a Pedestrian,Moving Backward,Slight Injury
15:20:00,Thursday,31-50,Male,Junior high school,Employee,Above 10yr,,Owner,2-5yrs,,Church areas,Undivided Two way,Tangent road with flat terrain,Y,Asphalt roads,Dry,Daylight,Normal,Collision with roadside objects,3,3,Moving Backward,Driver or rider,Male,Over 51,Employee,Normal,Not a Pedestrian,Driving carelessly,Slight Injury
12:15:00,Monday,Over 51,Male,Junior high school,Owner,Above 10yr,,Governmental,,,Office areas,Two-way (divided with broken lines road marking),Tangent road with flat terrain,Y,Asphalt roads,Wet or damp,Daylight,Normal,Vehicle with vehicle collision,2,3,Going straight,na,na,na,Driver,Normal,Not a Pedestrian,Driving carelessly,Slight Injury
12:15:00,Monday,31-50,Male,Junior high school,Employee,Above 10yr,Automobile,Governmental,Unknown,,Residential areas,Two-way (divided with broken lines road marking),Tangent road with flat terrain,Y,Asphalt roads,Wet or damp,Daylight,Normal,Vehicle with vehicle collision,2,3,Going straight,na,na,na,Driver,Normal,Not a Pedestrian,Driving under the influence of drugs,Slight Injury
12:15:00,Monday,31-50,Male,Junior high school,Employee,Above 10yr,Automobile,Owner,,,School areas,Two-way (divided with broken lines road marking),Tangent road with flat terrain,Y,Asphalt roads,Wet or damp,Daylight,Normal,Vehicle with vehicle collision,2,3,Moving Backward,Driver or rider,Male,18-30,,,Not a Pedestrian,No priority to pedestrian,Slight Injury
12:15:00,Monday,31-50,Male,Junior high school,Owner,5-10yr,Lorry (41?100Q),Owner,Unknown,,Office areas,Undivided Two way,Tangent road with flat terrain,Y,Asphalt roads,Wet or damp,Daylight,Normal,Vehicle with vehicle collision,2,3,Moving Backward,na,na,na,Driver,Normal,Not a Pedestrian,No priority to vehicle,Slight Injury
11:30:00,Tuesday,18-30,Male,Junior high school,Employee,Below 1yr,Automobile,Owner,5-10yrs,,Other,Undivided Two way,Tangent road with flat terrain,Out of junction,Asphalt roads,Wet or damp,Daylight,Normal,Vehicle with vehicle collision,1,1,Going straight,Driver or rider,Male,18-30,Driver,Normal,Not a Pedestrian,Driving carelessly,Slight Injury
0:40:00,Saturday,Under 18,Male,Junior high school,Employee,2-5yr,Public (13?45 seats),Owner,,,Other,Double carriageway (median),Tangent road with flat terrain,Y,Asphalt roads,Dry,Darkness - lights lit,Normal,Vehicle with vehicle collision,2,1,Going straight,Driver or rider,Male,18-30,Driver,Normal,Not a Pedestrian,Moving Backward,Serious Injury
0:40:00,Saturday,18-30,Male,Junior high school,Employee,,Automobile,Governmental,,No defect,Other,Double carriageway (median),Tangent road with flat terrain,Y,Asphalt roads,Dry,Darkness - lights lit,Normal,Vehicle with vehicle collision,2,1,Going straight,na,na,na,Driver,Normal,Not a Pedestrian,Driving carelessly,Serious Injury
16:50:00,Thursday,31-50,Male,Above high school,Employee,1-2yr,Public (> 45 seats),Owner,5-10yrs,No defect,Other,Two-way (divided with broken lines road marking),Tangent road with flat terrain,No junction,Asphalt roads,Dry,Daylight,Normal,Vehicle with vehicle collision,1,1,Going straight,Driver or rider,Female,18-30,,,Not a Pedestrian,No priority to vehicle,Slight Injury
5:15:00,Wednesday,31-50,Male,Junior high school,Employee,1-2yr,Lorry (41?100Q),Owner,Unknown,No defect,Office areas,Double carriageway (median),Tangent road with mild grade and flat terrain,Y,Asphalt roads,Dry,Daylight,Normal,Collision with roadside objects,2,1,Going straight,na,na,na,Driver,Normal,Not a Pedestrian,Changing lane to the right,Slight Injury
5:15:00,Wednesday,18-30,Male,Junior high school,Employee,1-2yr,Automobile,Owner,,,Office areas,Two-way (divided with broken lines road marking),Tangent road with flat terrain,Y,Asphalt roads,Dry,Daylight,Normal,Collision with roadside objects,2,1,Going straight,Pedestrian,Female,Under 18,Employee,Normal,Crossing from offside - masked by  parked or statioNot a Pedestrianry vehicle,Changing lane to the left,Slight Injury
19:00:00,Wednesday,18-30,Male,Unknown,Employee,5-10yr,Lorry (11?40Q),Owner,,,Office areas,,Tangent road with mild grade and flat terrain,+,Asphalt roads,Dry,Daylight,Normal,Collision with roadside objects,2,1,Going straight,Driver or rider,Female,31-50,,,Not a Pedestrian,No priority to vehicle,Slight Injury
19:00:00,Wednesday,18-30,Male,Junior high school,Employee,Above 10yr,Public (13?45 seats),Owner,,,Office areas,,Tangent road with mild grade and flat terrain,+,Asphalt roads,Dry,Daylight,Normal,Vehicle with vehicle collision,2,1,Going straight,na,na,na,Driver,Normal,Not a Pedestrian,Driving carelessly,Slight Injury
4:10:00,Sunday,18-30,Male,Junior high school,Employee,Above 10yr,Public (13?45 seats),Owner,,,Office areas,One way,Tangent road with flat terrain,Y,Asphalt roads,Dry,Daylight,Normal,Collision with pedestrians,1,4,Going straight,Pedestrian,Male,18-30,,,Not a Pedestrian,Moving Backward,Slight Injury
4:10:00,Sunday,18-30,Male,Junior high school,Employee,5-10yr,,,,,Office areas,Two-way (divided with broken lines road marking),Tangent road with flat terrain,Y,Asphalt roads,Dry,Daylight,Normal,Vehicle with vehicle collision,1,4,Going straight,Driver or rider,Male,18-30,Driver,Normal,Not a Pedestrian,No distancing,Slight Injury
4:10:00,Sunday,18-30,Male,Junior high school,Employee,2-5yr,Long lorry,Owner,,,Office areas,,Tangent road with flat terrain,Y,Asphalt roads,Dry,Daylight,Normal,Collision with pedestrians,1,4,Other,na,na,na,Driver,Normal,Not a Pedestrian,Changing lane to the left,Slight Injury
4:10:00,Sunday,18-30,Male,Junior high school,Employee,Below 1yr,Lorry (41?100Q),Owner,5-10yrs,,Other,Undivided Two way,Tangent road with flat terrain,Y,Asphalt roads,Dry,Daylight,Normal,Vehicle with vehicle collision,1,4,Going straight,na,na,na,Self-employed,Normal,Not a Pedestrian,Changing lane to the left,Slight Injury
9:02:00,Wednesday,18-30,Male,Junior high school,Employee,1-2yr,Lorry (11?40Q),Owner,,No defect,Other,Two-way (divided with broken lines road marking),Tangent road with flat terrain,+,Asphalt roads,Dry,Daylight,Normal,Collision with pedestrians,3,1,Reversing,Driver or rider,Male,31-50,Driver,Normal,Not a Pedestrian,No distancing,Serious Injury
9:02:00,Wednesday,31-50,Male,Junior high school,Employee,5-10yr,Lorry (41?100Q),,2-5yrs,No defect,Residential areas,Two-way (divided with broken lines road marking),Tangent road with flat terrain,+,Asphalt roads,Dry,Daylight,Normal,Vehicle with vehicle collision,3,1,Going straight,Passenger,Female,Over 51,Employee,Normal,Not a Pedestrian,Changing lane to the left,Serious Injury
9:02:00,Wednesday,31-50,Male,Junior high school,Employee,Below 1yr,Public (12 seats),Owner,,No defect,Other,Two-way (divided with broken lines road marking),Tangent road with flat terrain,+,Asphalt roads,Dry,Daylight,Normal,Vehicle with vehicle collision,3,1,Reversing,Driver or rider,Male,18-30,Driver,Normal,Not a Pedestrian,Driving carelessly,Serious Injury
13:40:00,Sunday,18-30,Male,Elementary school,Employee,5-10yr,,Owner,5-10yrs,No defect,Other,Two-way (divided with broken lines road marking),Tangent road with flat terrain,+,Asphalt roads,Dry,Daylight,Normal,Vehicle with vehicle collision,4,7,Going straight,na,na,na,,,Not a Pedestrian,Changing lane to the left,Slight Injury
13:40:00,Sunday,18-30,Male,Junior high school,Employee,2-5yr,Taxi,Governmental,,No defect,Other,Two-way (divided with broken lines road marking),Tangent road with flat terrain,+,Asphalt roads,Dry,Daylight,Normal,Vehicle with vehicle collision,4,7,Reversing,Pedestrian,Male,31-50,Driver,Normal,Not a Pedestrian,No distancing,Slight Injury
13:40:00,Sunday,18-30,Male,Junior high school,Employee,5-10yr,,Owner,5-10yrs,,Other,Undivided Two way,Tangent road with flat terrain,+,Asphalt roads,Dry,Daylight,Normal,Vehicle with vehicle collision,4,7,,Driver or rider,Male,18-30,Self-employed,Normal,Not a Pedestrian,Changing lane to the right,Slight Injury
13:40:00,Sunday,31-50,Male,Elementary school,Employee,5-10yr,Automobile,Owner,,,Industrial areas,Undivided Two way,Tangent road with flat terrain,+,Asphalt roads,Dry,Daylight,Normal,Vehicle with vehicle collision,4,7,Going straight,na,na,na,,,Not a Pedestrian,No distancing,Slight Injury
13:40:00,Sunday,31-50,Male,Junior high school,Employee,Above 10yr,,Owner,5-10yrs,,Industrial areas,Undivided Two way,Tangent road with flat terrain,+,Asphalt roads,Dry,Daylight,Normal,Vehicle with vehicle collision,4,7,Reversing,Driver or rider,Male,18-30,Self-employed,Normal,Not a Pedestrian,Driving to the left,Slight Injury
13:40:00,Sunday,31-50,Male,Junior high school,Employee,1-2yr,Lorry (41?100Q),Owner,,No defect,Church areas,Double carriageway (median),Tangent road with flat terrain,+,Asphalt roads,Dry,Daylight,Normal,Vehicle with vehicle collision,4,7,Other,na,na,na,Self-employed,Normal,Not a Pedestrian,No distancing,Slight Injury
13:40:00,Sunday,18-30,Male,High school,Employee,Below 1yr,Automobile,Owner,,No defect,Other,Undivided Two way,Tangent road with flat terrain,+,Asphalt roads,Dry,Daylight,Normal,Vehicle with vehicle collision,4,7,Going straight,Driver or rider,Male,31-50,,,Not a Pedestrian,Overtaking,Slight Injury
13:40:00,Sunday,18-30,Male,Elementary school,Employee,Above 10yr,Automobile,Owner,Above 10yr,,Other,Undivided Two way,Tangent road with flat terrain,+,Asphalt roads,Dry,Daylight,Normal,Vehicle with vehicle collision,4,7,Going straight,na,na,na,Driver,Normal,Not a Pedestrian,Driving under the influence of drugs,Slight Injury
17:00:00,Sunday,Over 51,Male,High school,Owner,1-2yr,Lorry (41?100Q),Owner,Unknown,No defect,Office areas,Undivided Two way,Tangent road with flat terrain,No junction,Asphalt roads,Dry,Daylight,Normal,Vehicle with vehicle collision,1,1,Going straight,Driver or rider,Male,18-30,Driver,Normal,Not a Pedestrian,No priority to pedestrian,Slight Injury
15:27:00,Monday,31-50,Male,Junior high school,Employee,2-5yr,Automobile,Owner,Unknown,No defect,Office areas,Undivided Two way,Tangent road with flat terrain,+,Asphalt roads,Dry,Daylight,Normal,Vehicle with vehicle collision,2,1,Moving Backward,na,na,na,Other,Normal,Not a Pedestrian,Moving Backward,Slight Injury
15:27:00,Monday,18-30,Male,,Employee,5-10yr,Automobile,Governmental,Below 1yr,,Residential areas,Two-way (divided with broken lines road marking),Tangent road with flat terrain,+,Asphalt roads,Dry,Daylight,Normal,Rollover,2,1,Going straight,Driver or rider,Male,31-50,Self-employed,Normal,Not a Pedestrian,Changing lane to the right,Slight Injury
16:00:00,Wednesday,18-30,Male,High school,Owner,2-5yr,Automobile,Owner,Unknown,No defect,Industrial areas,Undivided Two way,Tangent road with flat terrain,Y,Asphalt roads,Dry,Daylight,Normal,Collision with roadside objects,2,1,Going straight,na,na,na,Self-employed,Normal,Not a Pedestrian,Changing lane to the left,Slight Injury
16:00:00,Wednesday,31-50,Male,High school,Employee,Above 10yr,Taxi,Owner,,No defect,Office areas,Undivided Two way,Tangent road with flat terrain,Y,Asphalt roads,Dry,Daylight,Normal,Vehicle with vehicle collision,2,1,Going straight,na,na,na,Driver,Normal,Not a Pedestrian,Changing lane to the right,Slight Injury
7:45:00,Wednesday,31-50,Male,Junior high school,Employee,1-2yr,,Owner,,No defect,Other,Undivided Two way,Tangent road with flat terrain,Y,Asphalt roads,Dry,Daylight,Normal,Vehicle with vehicle collision,2,1,Going straight,Driver or rider,Female,31-50,Employee,Normal,Not a Pedestrian,Driving under the influence of drugs,Slight Injury
7:45:00,Wednesday,18-30,Male,Elementary school,Employee,1-2yr,,Owner,,,Other,Two-way (divided with broken lines road marking),Tangent road with flat terrain,Y,Asphalt roads,Dry,Daylight,Normal,Vehicle with vehicle collision,2,1,Other,Driver or rider,Male,18-30,,,Not a Pedestrian,No priority to vehicle,Slight Injury
23:30:00,Friday,18-30,Male,High school,Employee,1-2yr,Automobile,Owner,,No defect,Residential areas,Undivided Two way,Tangent road with flat terrain,No junction,Asphalt roads,Dry,Darkness - lights lit,Normal,Collision with pedestrians,2,1,,na,na,na,Driver,Normal,Not a Pedestrian,No priority to vehicle,Serious Injury
23:30:00,Friday,18-30,Male,Above high school,Employee,5-10yr,Pick up upto 10Q,Owner,,,Office areas,Two-way (divided with broken lines road marking),Tangent road with flat terrain,No junction,Asphalt roads,Dry,Darkness - lights lit,Normal,Collision with pedestrians,2,1,Going straight,Passenger,Female,Over 51,Driver,Normal,Not a Pedestrian,Changing lane to the left,Serious Injury
15:40:00,Thursday,18-30,Female,,,,,Organization,,,Residential areas,Other,Tangent road with flat terrain,+,Asphalt roads,Dry,Daylight,Normal,Vehicle with vehicle collision,2,1,Turnover,Passenger,Female,Over 51,Driver,Normal,Not a Pedestrian,Changing lane to the right,Slight Injury
15:40:00,Thursday,31-50,Male,Junior high school,Employee,5-10yr,Automobile,Owner,,,Office areas,Two-way (divided with broken lines road marking),Tangent road with flat terrain,+,Asphalt roads,Dry,Daylight,Normal,Vehicle with vehicle collision,2,1,Going straight,Passenger,Female,18-30,Self-employed,Normal,Not a Pedestrian,Changing lane to the right,Slight Injury
15:25:00,Thursday,Over 51,Male,Elementary school,Owner,5-10yr,Public (12 seats),,,,Church areas,Two-way (divided with broken lines road marking),Tangent road with flat terrain,No junction,Asphalt roads,Dry,Daylight,Normal,Collision with pedestrians,1,1,Moving Backward,Passenger,Male,Under 18,,Normal,Not a Pedestrian,Changing lane to the left,Serious Injury
16:07:00,Sunday,Under 18,Male,Elementary school,Employee,5-10yr,Public (13?45 seats),Organization,5-10yrs,,Residential areas,Two-way (divided with broken lines road marking),Tangent road with flat terrain,Y,Asphalt roads,Dry,Daylight,Normal,Collision with pedestrians,3,6,Moving Backward,Passenger,Male,5,Other,Normal,Not a Pedestrian,Changing lane to the left,Slight Injury
16:07:00,Sunday,Under 18,Male,High school,Owner,5-10yr,Lorry (11?40Q),Owner,Above 10yr,,School areas,Other,Tangent road with flat terrain,Y,Asphalt roads,Dry,Daylight,Normal,Collision with pedestrians,3,6,Going straight,Passenger,Female,18-30,Driver,Normal,Not a Pedestrian,Getting off the vehicle improperly,Slight Injury
16:07:00,Sunday,31-50,Male,Junior high school,Employee,5-10yr,Stationwagen,Owner,5-10yrs,,Hospital areas,Other,Steep grade downward with mountainous terrain,Y,Earth roads,Dry,Daylight,Normal,Vehicle with vehicle collision,3,6,Other,Passenger,Female,Under 18,Driver,Normal,Not a Pedestrian,Overtaking,Slight Injury
16:07:00,Sunday,31-50,Male,Junior high school,Owner,1-2yr,Ridden horse,Owner,2-5yrs,,Other,Undivided Two way,Tangent road with flat terrain,Y,Asphalt roads,Dry,Daylight,Normal,Collision with roadside objects,3,6,Going straight,Passenger,Female,18-30,Driver,Normal,Not a Pedestrian,Changing lane to the left,Slight Injury
16:07:00,Sunday,31-50,Male,Junior high school,Employee,2-5yr,Stationwagen,Owner,,,School areas,Double carriageway (median),Tangent road with flat terrain,Y,Other,Dry,Daylight,Normal,Vehicle with vehicle collision,3,6,Going straight,Passenger,Female,Under 18,,,Not a Pedestrian,Driving under the influence of drugs,Slight Injury
16:07:00,Sunday,31-50,Male,Junior high school,Owner,5-10yr,Automobile,Owner,Above 10yr,No defect,Other,Other,Tangent road with flat terrain,Y,Other,Dry,Daylight,Normal,Vehicle with vehicle collision,3,6,Going straight,Passenger,Female,Under 18,Driver,Normal,Not a Pedestrian,Driving carelessly,Slight Injury
17:50:00,Saturday,Under 18,Male,Junior high school,Owner,Above 10yr,Automobile,Owner,5-10yrs,,Industrial areas,Undivided Two way,Tangent road with flat terrain,+,Asphalt roads,Dry,Daylight,Normal,Collision with roadside objects,2,1,Going straight,Passenger,Female,Under 18,Driver,Normal,Not a Pedestrian,Moving Backward,Slight Injury
17:50:00,Saturday,31-50,Male,High school,Employee,5-10yr,Other,Owner,Unknown,No defect,Church areas,Two-way (divided with broken lines road marking),Tangent road with flat terrain,+,Earth roads,Dry,Daylight,Normal,Vehicle with vehicle collision,2,1,Going straight,Pedestrian,Male,18-30,,,"In carriageway, statioNot a Pedestrianry - not crossing  (standing or playing)",No distancing,Slight Injury
19:35:00,Thursday,18-30,Male,High school,Owner,2-5yr,Taxi,Owner,,No defect,Office areas,Two-way (divided with broken lines road marking),Tangent road with flat terrain,Y,Asphalt roads,Dry,Daylight,Normal,Vehicle with vehicle collision,2,1,Going straight,Driver or rider,Male,31-50,Driver,Normal,Not a Pedestrian,No priority to vehicle,Slight Injury
19:35:00,Thursday,Under 18,Male,Junior high school,Employee,5-10yr,Automobile,Owner,,No defect,Other,Two-way (divided with broken lines road marking),Tangent road with flat terrain,Y,Asphalt roads,Dry,Daylight,Normal,Vehicle with vehicle collision,2,1,Going straight,na,na,na,Driver,Normal,Not a Pedestrian,Overturning,Slight Injury
21:33:00,Saturday,18-30,Male,Elementary school,Employee,2-5yr,Stationwagen,Owner,,No defect,Office areas,Double carriageway (median),Tangent road with flat terrain,No junction,Earth roads,Dry,Daylight,Normal,Vehicle with vehicle collision,1,1,Going straight,Driver or rider,Male,31-50,Self-employed,Normal,Not a Pedestrian,Changing lane to the left,Slight Injury
8:00:00,Tuesday,Over 51,Male,Elementary school,Employee,5-10yr,Automobile,Owner,,No defect,Office areas,Double carriageway (median),Tangent road with flat terrain,Y,Asphalt roads,Dry,Daylight,Normal,Collision with pedestrians,2,1,Other,Driver or rider,Male,18-30,Driver,Normal,Not a Pedestrian,No distancing,Slight Injury
8:00:00,Tuesday,31-50,Male,Junior high school,Employee,1-2yr,Public (12 seats),Governmental,,No defect,Office areas,Double carriageway (median),Tangent road with flat terrain,Y,Asphalt roads,Dry,Daylight,Normal,Rollover,2,1,Going straight,Passenger,Female,31-50,Driver,Normal,Not a Pedestrian,Moving Backward,Slight Injury
21:05:00,Wednesday,18-30,Male,Junior high school,Employee,5-10yr,,Owner,,No defect,Residential areas,Double carriageway (median),Tangent road with flat terrain,Y,Asphalt roads,Dry,Darkness - lights lit,Normal,Vehicle with vehicle collision,2,1,Overtaking,na,na,na,Driver,Normal,Not a Pedestrian,No priority to vehicle,Slight Injury
21:05:00,Wednesday,Over 51,Male,,,,Automobile,Owner,,No defect,Office areas,Double carriageway (median),Tangent road with flat terrain,Y,Asphalt roads,Dry,Darkness - lights lit,Normal,Vehicle with vehicle collision,2,1,Going straight,Driver or rider,Male,Under 18,Driver,Normal,Not a Pedestrian,No priority to vehicle,Slight Injury
8:40:00,Monday,18-30,Male,Elementary school,Employee,Above 10yr,Lorry (41?100Q),Owner,2-5yrs,,Other,Undivided Two way,Tangent road with flat terrain,Y,Asphalt roads,Dry,Daylight,Normal,Vehicle with vehicle collision,2,1,Going straight,na,na,na,Driver,Normal,Not a Pedestrian,No distancing,Slight Injury
8:40:00,Monday,31-50,Male,Elementary school,Employee,Below 1yr,,Owner,2-5yrs,,Industrial areas,One way,,Y,Asphalt roads,Dry,Daylight,Normal,Collision with roadside objects,2,1,Going straight,Passenger,Female,18-30,Driver,Normal,Not a Pedestrian,No distancing,Slight Injury
16:55:00,Monday,18-30,Male,Junior high school,Employee,2-5yr,Public (> 45 seats),Owner,,No defect,Other,One way,Tangent road with flat terrain,Y,Asphalt roads,Wet or damp,Daylight,Raining,Vehicle with vehicle collision,2,1,U-Turn,Passenger,Female,31-50,Driver,Normal,Not a Pedestrian,Overtaking,Slight Injury
16:55:00,Monday,Over 51,Male,Elementary school,Owner,1-2yr,,Owner,,No defect,Office areas,Double carriageway (median),Tangent road with flat terrain,Y,Asphalt roads,Wet or damp,Daylight,Raining,Rollover,2,1,Going straight,Driver or rider,Female,18-30,,,Not a Pedestrian,Driving under the influence of drugs,Slight Injury
9:49:00,Saturday,18-30,Male,Junior high school,Owner,5-10yr,Public (12 seats),Governmental,Unknown,,Office areas,Two-way (divided with broken lines road marking),Tangent road with flat terrain,+,Asphalt roads,Dry,Daylight,Normal,Collision with roadside objects,2,3,Going straight,na,na,na,Driver,Normal,Not a Pedestrian,Changing lane to the right,Slight Injury
9:49:00,Saturday,31-50,Male,Junior high school,Employee,2-5yr,Public (12 seats),Governmental,,No defect,,Double carriageway (median),Tangent road with flat terrain,+,Asphalt roads,Dry,Daylight,Normal,Vehicle with vehicle collision,2,3,Going straight,Driver or rider,Female,18-30,,,Not a Pedestrian,Changing lane to the left,Slight Injury
9:49:00,Saturday,31-50,Male,Junior high school,Employee,2-5yr,Automobile,Owner,,,Other,,Tangent road with flat terrain,+,Asphalt roads,Dry,Daylight,Normal,Vehicle with vehicle collision,2,3,Going straight,Pedestrian,Female,18-30,Driver,Normal,Not a Pedestrian,Driving carelessly,Slight Injury
9:49:00,Saturday,31-50,Male,High school,Employee,2-5yr,,Owner,Unknown,,Office areas,Double carriageway (median),Tangent road with flat terrain,+,Asphalt roads,Dry,Daylight,Normal,Vehicle with vehicle collision,2,3,Turnover,Pedestrian,Male,31-50,Other,Normal,"In carriageway, statioNot a Pedestrianry - not crossing  (standing or playing)",Moving Backward,Slight Injury
16:55:00,Sunday,18-30,Male,Junior high school,Employee,Above 10yr,Automobile,Owner,,No defect,Office areas,Two-way (divided with broken lines road marking),Tangent road with flat terrain,No junction,Asphalt roads with some distress,Wet or damp,Daylight,Normal,Vehicle with vehicle collision,2,1,Going straight,Pedestrian,Female,18-30,Self-employed,Normal,"In carriageway, statioNot a Pedestrianry - not crossing  (standing or playing)",Moving Backward,Slight Injury
16:55:00,Sunday,18-30,Male,Junior high school,Employee,2-5yr,Lorry (41?100Q),Owner,5-10yrs,,Office areas,Undivided Two way,Tangent road with flat terrain,No junction,Asphalt roads,Wet or damp,Daylight,Normal,Vehicle with vehicle collision,2,1,Going straight,na,na,na,Driver,Normal,Not a Pedestrian,Changing lane to the right,Slight Injury
10:20:00,Friday,Over 51,Male,Junior high school,Employee,1-2yr,Public (12 seats),Owner,,,Other,Undivided Two way,Tangent road with flat terrain,+,Asphalt roads,Dry,Daylight,Normal,Vehicle with vehicle collision,3,1,Moving Backward,Driver or rider,Male,18-30,,,Not a Pedestrian,No priority to vehicle,Slight Injury
10:20:00,Friday,31-50,Male,Junior high school,Employee,2-5yr,Lorry (11?40Q),Owner,,No defect,Other,Undivided Two way,Tangent road with flat terrain,+,Asphalt roads,Dry,Daylight,Normal,Collision with pedestrians,3,1,Going straight,na,na,na,Self-employed,Normal,Not a Pedestrian,Driving at high speed,Slight Injury
10:20:00,Friday,18-30,Male,Junior high school,Employee,5-10yr,Automobile,Owner,,No defect,Recreational areas,Undivided Two way,Tangent road with flat terrain,+,Asphalt roads,Dry,Daylight,Normal,Vehicle with vehicle collision,3,1,Moving Backward,Driver or rider,Male,31-50,,,Not a Pedestrian,Driving under the influence of drugs,Slight Injury
18:28:00,Saturday,Under 18,Male,Junior high school,Employee,1-2yr,Automobile,Owner,,No defect,Church areas,Undivided Two way,Tangent road with flat terrain,Y,Asphalt roads,Dry,Daylight,Normal,Vehicle with vehicle collision,2,1,Going straight,na,na,na,,,Not a Pedestrian,Changing lane to the right,Slight Injury
18:28:00,Saturday,31-50,Male,Elementary school,Employee,1-2yr,Automobile,Other,1-2yr,No defect,Recreational areas,Other,Tangent road with flat terrain,Y,Asphalt roads,Dry,Daylight,Normal,Collision with roadside objects,2,1,Going straight,Driver or rider,Male,Over 51,Driver,,Not a Pedestrian,Driving carelessly,Slight Injury
15:45:00,Friday,31-50,Male,Junior high school,Employee,2-5yr,Bajaj,Owner,5-10yrs,No defect,School areas,Other,Tangent road with flat terrain,Y,Asphalt roads,Dry,Daylight,Normal,Vehicle with vehicle collision,3,2,Going straight,na,na,na,,,Not a Pedestrian,No distancing,Slight Injury
15:45:00,Friday,18-30,Male,Junior high school,Employee,Above 10yr,Public (12 seats),Owner,,No defect,Church areas,Double carriageway (median),Tangent road with flat terrain,Y,Asphalt roads,Dry,Daylight,Normal,Vehicle with vehicle collision,3,2,Going straight,Driver or rider,Male,31-50,Unemployed,Normal,Not a Pedestrian,Changing lane to the left,Slight Injury
15:45:00,Friday,31-50,Male,Junior high school,Employee,Below 1yr,Lorry (11?40Q),Owner,5-10yrs,,Office areas,,Tangent road with flat terrain,Y,Asphalt roads,Dry,Daylight,Normal,Vehicle with vehicle collision,3,2,U-Turn,Driver or rider,Male,18-30,Driver,Normal,Not a Pedestrian,No distancing,Slight Injury
0:11:00,Sunday,Unknown,Female,Junior high school,Employee,Above 10yr,,Owner,2-5yrs,,Residential areas,One way,Steep grade downward with mountainous terrain,Y,Asphalt roads,Dry,Darkness - lights lit,Normal,Collision with roadside objects,1,1,Going straight,na,na,na,Driver,Normal,Not a Pedestrian,No distancing,Slight Injury
8:01:00,Thursday,31-50,Male,Elementary school,Owner,5-10yr,,Owner,,No defect,Other,One way,Tangent road with flat terrain,No junction,Asphalt roads,Dry,Daylight,Normal,Vehicle with vehicle collision,2,1,Going straight,Driver or rider,Male,31-50,Driver,Normal,Not a Pedestrian,Getting off the vehicle improperly,Slight Injury
8:01:00,Thursday,31-50,Male,Elementary school,Employee,Above 10yr,Automobile,Owner,,No defect,Other,Undivided Two way,Tangent road with flat terrain,No junction,Asphalt roads,Dry,Daylight,Normal,Vehicle with vehicle collision,2,1,Going straight,na,na,na,,,Not a Pedestrian,Overtaking,Slight Injury
9:07:00,Saturday,18-30,Male,Junior high school,Employee,1-2yr,Lorry (11?40Q),Governmental,1-2yr,No defect,Industrial areas,One way,Tangent road with flat terrain,Y,Asphalt roads,Wet or damp,Daylight,Normal,Vehicle with vehicle collision,2,2,Going straight,Driver or rider,Male,31-50,Driver,Normal,Not a Pedestrian,Driving carelessly,Slight Injury
9:07:00,Saturday,31-50,Male,,,,Lorry (41?100Q),Governmental,1-2yr,No defect,Church areas,Other,Steep grade downward with mountainous terrain,Y,Asphalt roads,Wet or damp,Daylight,Normal,Vehicle with vehicle collision,2,2,Going straight,na,na,na,Driver,Normal,Not a Pedestrian,Driving under the influence of drugs,Slight Injury
7:41:00,Wednesday,Over 51,Male,High school,Owner,5-10yr,Pick up upto 10Q,Organization,1-2yr,No defect,Office areas,Other,Tangent road with flat terrain,Out of junction,Asphalt roads,Wet or damp,Daylight,Raining,Vehicle with vehicle collision,2,2,Going straight,Driver or rider,Male,31-50,Self-employed,Normal,Not a Pedestrian,Moving Backward,Slight Injury
7:41:00,Wednesday,31-50,Male,Elementary school,Employee,2-5yr,Lorry (11?40Q),Owner,Unknown,No defect,Office areas,Undivided Two way,Tangent road with flat terrain,Out of junction,Asphalt roads,Wet or damp,Daylight,Raining,Vehicle with vehicle collision,2,2,Stopping,na,na,na,Driver,Normal,Not a Pedestrian,Overturning,Slight Injury