Time,Day_of_week,Age_band_of_driver,Drivers_gender,Educational_level,Vehicle_driver_relation,Driving_experience,Type_of_vehicle,Owner_of_vehicle,Service_year_of_vehicle,Defect_of_vehicle,Area_accident_occured,Lanes_or_Medians,Road_allignment,Types_of_Junction,Road_surface_type,Road_surface_conditions,Light_conditions,Weather_conditions,Type_of_collision,Number_of_vehicles_involved,Number_of_casualties,Vehicle_movement,Casualty_class,Casualty_gender,Age_band_of_casualty,Work_of_casuality,Fitness_of_casuality,Pedestrian_movement,Cause_of_accident,Accident_severity
12:10:00,Friday,18-30,Male,Junior high school,Employee,5-10yr,Pick up upto 10Q,Owner,,,Residential areas,Other,Steep grade downward with mountainous terrain,Y,Asphalt roads,Wet or damp,Darkness - lights lit,Normal,Vehicle with vehicle collision,2,6,,Driver or rider,Male,18-30,Driver,Normal,Not a Pedestrian,Other,Slight Injury
12:10:00,Friday,18-30,Male,Junior high school,Employee,2-5yr,Lorry (11?40Q),Owner,,No defect,School areas,Other,Tangent road with flat terrain,Y,Asphalt roads,Wet or damp,Darkness - lights lit,Normal,Vehicle with vehicle collision,2,6,Moving Backward,Passenger,Male,18-30,,,Not a Pedestrian,Driving to the left,Slight Injury
15:08:00,Monday,18-30,Male,Junior high school,Employee,No Licence,Lorry (41?100Q),Owner,1-2yr,No defect,Office areas,Two-way (divided with broken lines road marking),Tangent road with flat terrain,+,Asphalt roads,Wet or damp,Darkness - lights lit,Normal,Vehicle with vehicle collision,2,6,,Driver or rider,Male,31-50,Driver,Normal,Not a Pedestrian,Overtaking,Slight Injury
15:08:00,Monday,18-30,Male,Junior high school,Employee,Above 10yr,Motorcycle,Owner,Above 10yr,No defect,Other,Other,Tangent road with flat terrain,+,Asphalt roads,Wet or damp,Darkness - lights lit,Normal,Vehicle with vehicle collision,2,6,Going straight,Driver or rider,Male,Under 18,Driver,Normal,Not a Pedestrian,No priority to vehicle,Slight Injury
15:08:00,Monday,Over 51,Male,Junior high school,Employee,Above 10yr,Automobile,Owner,Unknown,No defect,Other,Two-way (divided with broken lines road marking),Tangent road with flat terrain,+,Asphalt roads,Wet or damp,Darkness - lights lit,Normal,Vehicle with vehicle collision,2,6,Going straight,na,na,na,,,Not a Pedestrian,Moving Backward,Slight Injury
15:08:00,Monday,Over 51,Male,Junior high school,Employee,5-10yr,Automobile,Organization,2-5yrs,,Office areas,Two-way (divided with broken lines road marking),Tangent road with mountainous terrain and,No junction,Earth roads,Snow,Daylight,Normal,Vehicle with vehicle collision,4,2,,Driver or rider,Female,18-30,,,Not a Pedestrian,Other,Slight Injury
8:54:00,Thursday,18-30,Male,High school,Employee,2-5yr,Automobile,Owner,,,Office areas,Two-way (divided with broken lines road marking),Tangent road with flat terrain,No junction,Asphalt roads,Snow,Daylight,Normal,Collision with roadside objects,4,2,Going straight,na,na,na,,,Not a Pedestrian,No priority to vehicle,Slight Injury
16:51:00,Wednesday,31-50,Male,High school,Owner,2-5yr,Stationwagen,Owner,5-10yrs,,Other,Undivided Two way,Tangent road with flat terrain,No junction,Asphalt roads,Snow,Daylight,Normal,Collision with pedestrians,4,2,Going straight,Driver or rider,Male,31-50,,,Not a Pedestrian,No priority to pedestrian,Slight Injury
19:02:00,Saturday,18-30,Male,Junior high school,Employee,Below 1yr,,Owner,5-10yrs,No defect,Office areas,Two-way (divided with broken lines road marking),Tangent road with flat terrain,No junction,Asphalt roads,Snow,Daylight,Normal,Vehicle with vehicle collision,4,2,Going straight,na,na,na,Other,Normal,Not a Pedestrian,Changing lane to the right,Slight Injury
19:02:00,Saturday,18-30,Male,Junior high school,Owner,Above 10yr,Public (> 45 seats),Owner,2-5yrs,No defect,Industrial areas,Two-way (divided with broken lines road marking),Tangent road with flat terrain,Y,Asphalt roads,Wet or damp,Daylight,Snow,Vehicle with vehicle collision,2,1,Going straight,na,na,na,Self-employed,Normal,Not a Pedestrian,Changing lane to the right,Slight Injury
8:10:00,Monday,18-30,Male,Junior high school,Employee,Above 10yr,Public (> 45 seats),Owner,Unknown,No defect,Office areas,Undivided Two way,Tangent road with flat terrain,Y,Asphalt roads,Wet or damp,Daylight,Snow,Collision with roadside objects,2,1,Going straight,Driver or rider,Female,31-50,,,Not a Pedestrian,Changing lane to the right,Slight Injury
8:10:00,Monday,31-50,Male,Elementary school,Employee,2-5yr,Stationwagen,Owner,,,Other,Undivided Two way,Tangent road with flat terrain,Y,Asphalt roads,Dry,Darkness - lights lit,Normal,Vehicle with vehicle collision,2,1,Going straight,Pedestrian,Male,Over 51,Student,Normal,Unknown or other,Driving to the left,Slight Injury
17:50:00,Saturday,18-30,Male,Junior high school,Employee,2-5yr,Automobile,Owner,Above 10yr,,Other,Two-way (divided with broken lines road marking),Tangent road with flat terrain,+,Asphalt roads,Dry,Darkness - lights lit,Normal,Vehicle with vehicle collision,2,1,Going straight,Driver or rider,Male,18-30,Other,Normal,Not a Pedestrian,Changing lane to the left,Slight Injury
17:50:00,Saturday,31-50,Male,Unknown,Employee,Above 10yr,Bicycle,Owner,Unknown,,Office areas,Two-way (divided with broken lines road marking),Tangent road with flat terrain,+,Asphalt roads,Dry,Daylight,Normal,Vehicle with vehicle collision,1,1,Other,na,na,na,Driver,Normal,Not a Pedestrian,Moving Backward,Slight Injury
20:51:00,Tuesday,18-30,Male,Elementary school,Employee,5-10yr,Automobile,,,,Church areas,,Tangent road with flat terrain,+,Asphalt roads,Wet or damp,Darkness - lights lit,Cloudy,Vehicle with vehicle collision,2,2,Going straight,Driver or rider,Male,Under 18,Other,Normal,Not a Pedestrian,Driving at high speed,Slight Injury
14:00:00,Saturday,31-50,Male,Junior high school,Employee,Below 1yr,Lorry (41?100Q),Owner,,,Office areas,Other,Tangent road with flat terrain,No junction,Asphalt roads,Wet or damp,Darkness - lights lit,Cloudy,Vehicle with vehicle collision,2,2,Going straight,Pedestrian,Female,Under 18,Driver,Normal,Crossing from offside - masked by  parked or statioNot a Pedestrianry vehicle,Moving Backward,Slight Injury
14:00:00,Saturday,18-30,Female,Elementary school,Employee,Below 1yr,Automobile,Owner,,,Residential areas,Other,Tangent road with flat terrain,+,Asphalt roads,Wet or damp,Darkness - lights lit,Cloudy,Vehicle with vehicle collision,2,2,Going straight,Driver or rider,Male,31-50,Other,Normal,Not a Pedestrian,No distancing,Slight Injury
14:43:00,Friday,Over 51,Male,Junior high school,Employee,Below 1yr,Public (13?45 seats),Owner,Unknown,No defect,Recreational areas,Two-way (divided with broken lines road marking),Tangent road with flat terrain,+,Asphalt roads,Snow,Darkness - lights lit,Other,Vehicle with vehicle collision,2,3,Going straight,na,na,na,,Normal,Not a Pedestrian,Other,Slight Injury
16:26:00,Tuesday,Over 51,Male,Junior high school,Employee,5-10yr,Special vehicle,Governmental,5-10yrs,,Other,Other,Tangent road with flat terrain,+,Asphalt roads,Snow,Darkness - lights lit,Other,Vehicle with vehicle collision,2,3,Going straight,na,na,na,Driver,Normal,Not a Pedestrian,No priority to vehicle,Slight Injury
16:26:00,Tuesday,Over 51,Male,Junior high school,Owner,5-10yr,Automobile,Owner,Unknown,No defect,Church areas,Undivided Two way,Tangent road with flat terrain,+,Asphalt roads,Snow,Darkness - lights lit,Other,Collision with roadside objects,2,3,Going straight,Driver or rider,Male,18-30,Driver,Normal,Not a Pedestrian,Changing lane to the right,Slight Injury
13:54:00,Saturday,31-50,Male,High school,Owner,5-10yr,Public (13?45 seats),Owner,Unknown,No defect,Other,One way,Tangent road with flat terrain,No junction,Asphalt roads,Dry,Daylight,Normal,Collision with roadside objects,1,1,Moving Backward,na,na,na,Self-employed,Normal,Not a Pedestrian,Other,Slight Injury
13:54:00,Saturday,31-50,Male,Junior high school,Employee,5-10yr,,Owner,Above 10yr,No defect,Other,Two-way (divided with broken lines road marking),Tangent road with flat terrain,No junction,Earth roads,Dry,Daylight,Normal,Collision with roadside objects,2,1,Going straight,Driver or rider,Male,Under 18,,,Not a Pedestrian,No distancing,Slight Injury
13:54:00,Saturday,18-30,Male,Junior high school,Employee,2-5yr,Lorry (41?100Q),Owner,5-10yrs,,Church areas,Undivided Two way,Tangent road with flat terrain,Y,Asphalt roads,Dry,Daylight,Normal,Vehicle with vehicle collision,2,1,Going straight,Pedestrian,Male,18-30,,,"Walking along in carriageway, back to traffic",Driving carelessly,Slight Injury
15:31:00,Monday,31-50,Male,Elementary school,Employee,5-10yr,Lorry (41?100Q),Owner,Unknown,,Office areas,Two-way (divided with broken lines road marking),Tangent road with mild grade and flat terrain,Y,Other,Wet or damp,Darkness - lights lit,Normal,Collision with pedestrians,1,1,Going straight,na,na,na,Employee,Normal,Not a Pedestrian,No distancing,Slight Injury
15:31:00,Monday,Over 51,Male,Junior high school,Employee,2-5yr,Public (12 seats),Owner,Unknown,,Office areas,Double carriageway (median),Tangent road with flat terrain,Y,Asphalt roads,Wet or damp,Darkness - lights lit,Raining,Vehicle with vehicle collision,1,1,Going straight,Driver or rider,Female,31-50,Driver,Normal,Not a Pedestrian,Moving Backward,Slight Injury
12:30:00,Thursday,18-30,Male,Junior high school,Employee,Below 1yr,Lorry (41?100Q),Organization,5-10yrs,No defect,Church areas,Two-way (divided with broken lines road marking),Tangent road with flat terrain,Other,Asphalt roads,Wet or damp,Daylight,Windy,Collision with pedestrians,2,1,Going straight,Passenger,Female,31-50,Other,Normal,Not a Pedestrian,No distancing,Slight Injury
18:45:00,Wednesday,18-30,Male,Elementary school,Employee,2-5yr,Lorry (41?100Q),Organization,2-5yrs,No defect,Other,Undivided Two way,Tangent road with mountainous terrain and,+,Asphalt roads,Wet or damp,Daylight,Windy,Vehicle with vehicle collision,2,1,Going straight,Passenger,Female,Over 51,Driver,Normal,Not a Pedestrian,Moving Backward,Slight Injury
18:45:00,Wednesday,31-50,Male,Junior high school,Employee,2-5yr,Public (12 seats),Owner,Unknown,No defect,Other,Undivided Two way,Tangent road with flat terrain,+,Asphalt roads,Dry,Daylight,Normal,Collision with pedestrians,1,1,Going straight,Passenger,Female,18-30,Driver,Normal,Not a Pedestrian,No priority to pedestrian,Slight Injury
19:12:00,Tuesday,31-50,Male,Junior high school,Employee,2-5yr,Public (> 45 seats),Owner,Unknown,No defect,Church areas,Undivided Two way,Tangent road with flat terrain,No junction,Asphalt roads,Dry,Darkness - lights lit,Normal,Vehicle with vehicle collision,1,1,Getting off,Passenger,Female,31-50,Driver,Normal,Not a Pedestrian,Changing lane to the left,Slight Injury
17:25:00,Friday,31-50,Male,Junior high school,Employee,5-10yr,Automobile,Owner,5-10yrs,No defect,Industrial areas,Two-way (divided with broken lines road marking),Tangent road with mild grade and flat terrain,No junction,Asphalt roads,Dry,Daylight,Normal,Vehicle with vehicle collision,2,1,Going straight,Pedestrian,Female,18-30,Driver,Normal,Crossing from nearside - masked by parked or statioNot a Pedestrianry vehicle,No distancing,Slight Injury
17:25:00,Friday,31-50,Male,Junior high school,Employee,5-10yr,Pick up upto 10Q,Owner,Unknown,No defect,Office areas,Undivided Two way,Tangent road with flat terrain,No junction,Asphalt roads,Dry,Daylight,Normal,Vehicle with vehicle collision,2,1,Going straight,na,na,na,Driver,Normal,Not a Pedestrian,Other,Slight Injury
12:48:00,Friday,31-50,Male,Junior high school,Employee,,Stationwagen,Owner,Unknown,No defect,School areas,Undivided Two way,Tangent road with flat terrain,No junction,Asphalt roads,Dry,Daylight,Normal,Vehicle with vehicle collision,2,1,Turnover,Driver or rider,Male,31-50,Driver,Normal,Not a Pedestrian,No distancing,Slight Injury
7:10:00,Friday,18-30,Male,Junior high school,Owner,5-10yr,Other,Owner,Unknown,No defect,Other,Undivided Two way,Tangent road with flat terrain,+,Asphalt roads,Dry,Daylight,Normal,Vehicle with vehicle collision,2,1,Moving Backward,Driver or rider,Male,31-50,Driver,Normal,Not a Pedestrian,No priority to pedestrian,Slight Injury
7:10:00,Friday,18-30,Male,Junior high school,Employee,2-5yr,,Owner,Unknown,No defect,Church areas,One way,Tangent road with flat terrain,Y,Gravel roads,Dry,Darkness - lights lit,Normal,Vehicle with vehicle collision,2,1,Going straight,na,na,na,Driver,Normal,Not a Pedestrian,Moving Backward,Serious Injury
17:10:00,Friday,18-30,Male,Junior high school,Employee,Below 1yr,Automobile,Owner,Unknown,No defect,Office areas,Undivided Two way,Tangent road with flat terrain,Y,Asphalt roads,Dry,Darkness - lights lit,Normal,Vehicle with vehicle collision,2,1,Moving Backward,Pedestrian,Female,Over 51,,Normal,Not a Pedestrian,No priority to pedestrian,Serious Injury
17:10:00,Friday,31-50,Male,Junior high school,Employee,1-2yr,Stationwagen,Owner,Unknown,No defect,Other,Other,Steep grade downward with mountainous terrain,No junction,Asphalt roads,Dry,Daylight,Normal,Vehicle with vehicle collision,1,1,Going straight,Pedestrian,Female,18-30,,Normal,Crossing from offside - masked by  parked or statioNot a Pedestrianry vehicle,No distancing,Slight Injury
17:10:00,Friday,18-30,Male,Junior high school,Employee,Below 1yr,Pick up upto 10Q,Owner,2-5yrs,No defect,Other,Other,Tangent road with flat terrain,+,Asphalt roads,Dry,Darkness - no lighting,Normal,Vehicle with vehicle collision,1,1,,Driver or rider,Male,31-50,,Normal,Not a Pedestrian,No priority to pedestrian,Slight Injury
9:05:00,Friday,31-50,Female,Junior high school,Employee,Above 10yr,Lorry (41?100Q),Owner,Unknown,,Other,Two-way (divided with broken lines road marking),Tangent road with flat terrain,No junction,Asphalt roads,Wet or damp,Darkness - lights lit,Normal,Vehicle with vehicle collision,2,2,Going straight,na,na,na,,Normal,Not a Pedestrian,Driving carelessly,Slight Injury
9:05:00,Friday,18-30,Female,Junior high school,Employee,Below 1yr,Automobile,Owner,2-5yrs,,Other,One way,Tangent road with flat terrain,+,Asphalt roads,Wet or damp,Darkness - lights lit,Normal,Vehicle with vehicle collision,2,2,,na,na,na,,Normal,Not a Pedestrian,Getting off the vehicle improperly,Slight Injury
16:15:00,Wednesday,31-50,Male,Junior high school,Employee,2-5yr,,Owner,Above 10yr,No defect,Church areas,Two-way (divided with broken lines road marking),Tangent road with mild grade and flat terrain,+,Asphalt roads,Wet or damp,Darkness - lights lit,Normal,Vehicle with vehicle collision,2,2,Going straight,Driver or rider,Male,18-30,,Normal,Not a Pedestrian,Driving carelessly,Slight Injury
18:00:00,Sunday,Unknown,Female,Junior high school,Employee,1-2yr,Lorry (41?100Q),Governmental,2-5yrs,No defect,Residential areas,Two-way (divided with broken lines road marking),Tangent road with flat terrain,No junction,Asphalt roads,Dry,Daylight,Normal,Rollover,3,3,,Passenger,Male,31-50,,Normal,Not a Pedestrian,Changing lane to the left,Slight Injury
13:55:00,Sunday,Over 51,Male,Elementary school,Employee,5-10yr,Lorry (41?100Q),Owner,2-5yrs,No defect,Office areas,Two-way (divided with broken lines road marking),Tangent road with mild grade and flat terrain,No junction,Asphalt roads,Dry,Daylight,Normal,Collision with roadside objects,3,3,Going straight,Passenger,Female,18-30,,Normal,Not a Pedestrian,No priority to vehicle,Slight Injury
13:55:00,Sunday,18-30,Male,Junior high school,Owner,Below 1yr,Lorry (41?100Q),Owner,2-5yrs,No defect,Other,Two-way (divided with broken lines road marking),Tangent road with flat terrain,Y,Asphalt roads,Dry,Daylight,Normal,Vehicle with vehicle collision,3,3,Going straight,Driver or rider,Male,18-30,Driver,,Not a Pedestrian,Changing lane to the right,Slight Injury
13:55:00,Sunday,18-30,Male,Junior high school,Employee,Below 1yr,Pick up upto 10Q,Owner,2-5yrs,No defect,Office areas,Two-way (divided with broken lines road marking),Tangent road with mild grade and flat terrain,Y,Asphalt roads,Dry,Daylight,Normal,Vehicle with vehicle collision,3,3,Going straight,Pedestrian,Male,Over 51,Driver,,Unknown or other,Changing lane to the right,Slight Injury
13:55:00,Sunday,18-30,Male,Writing & reading,Employee,Below 1yr,Pick up upto 10Q,Owner,2-5yrs,No defect,Other,Two-way (divided with broken lines road marking),Tangent road with flat terrain,Y,Asphalt roads,Dry,Daylight,Normal,Vehicle with vehicle collision,3,3,Going straight,na,na,na,Driver,Normal,Not a Pedestrian,No distancing,Slight Injury
19:20:00,Sunday,Unknown,Male,Junior high school,Employee,1-2yr,Automobile,Owner,1-2yr,No defect,Church areas,Undivided Two way,Tangent road with flat terrain,Y,Asphalt roads,Dry,Darkness - no lighting,Normal,Collision with pedestrians,2,2,Going straight,Driver or rider,Male,18-30,Driver,Normal,Not a Pedestrian,No distancing,Slight Injury
19:20:00,Sunday,31-50,Male,Elementary school,Owner,5-10yr,Other,Owner,Unknown,No defect,Office areas,Two-way (divided with broken lines road marking),Tangent road with flat terrain,Y,Asphalt roads,Dry,Darkness - no lighting,Normal,Collision with pedestrians,2,2,Other,na,na,na,Driver,Normal,Not a Pedestrian,Changing lane to the left,Slight Injury
19:20:00,Sunday,31-50,Male,Junior high school,Employee,2-5yr,,Owner,Unknown,No defect,Other,Two-way (divided with broken lines road marking),Tangent road with flat terrain,+,Asphalt roads,Dry,Darkness - no lighting,Normal,Vehicle with vehicle collision,2,2,Other,Driver or rider,Male,Under 18,,Normal,Not a Pedestrian,Changing lane to the right,Slight Injury
11:58:00,Saturday,31-50,Male,Junior high school,Owner,Below 1yr,Automobile,Owner,Unknown,No defect,Other,Two-way (divided with broken lines road marking),Tangent road with flat terrain,Y,Asphalt roads,Dry,Daylight,Normal,Vehicle with vehicle collision,1,1,Going straight,na,na,na,Driver,Normal,Not a Pedestrian,No priority to vehicle,Slight Injury
12:53:00,Sunday,31-50,Male,Writing & reading,Employee,5-10yr,Motorcycle,Owner,Above 10yr,,School areas,Two-way (divided with broken lines road marking),Tangent road with flat terrain,Y,Asphalt roads,Wet or damp,Darkness - lights lit,Normal,Collision with pedestrians,2,1,Going straight,Driver or rider,Male,18-30,Driver,Normal,Not a Pedestrian,Changing lane to the left,Slight Injury
12:53:00,Sunday,18-30,Male,Writing & reading,Employee,5-10yr,Automobile,Owner,Unknown,No defect,Church areas,Double carriageway (median),Tangent road with mild grade and flat terrain,Y,Asphalt roads,Wet or damp,Darkness - lights lit,Normal,Collision with pedestrians,2,1,Getting off,na,na,na,Self-employed,Normal,Not a Pedestrian,No priority to vehicle,Slight Injury
12:53:00,Sunday,18-30,Male,Junior high school,Employee,5-10yr,Automobile,Owner,Unknown,,School areas,Undivided Two way,Tangent road with flat terrain,No junction,Other,Wet or damp,Daylight,Raining,Collision with pedestrians,2,2,Going straight,Passenger,Male,18-30,Driver,Normal,Not a Pedestrian,Moving Backward,Slight Injury
20:40:00,Friday,18-30,Male,Junior high school,Employee,2-5yr,Public (12 seats),Owner,2-5yrs,No defect,Residential areas,Double carriageway (median),Tangent road with flat terrain,No junction,Asphalt roads,Wet or damp,Daylight,Raining,Vehicle with vehicle collision,2,2,Going straight,na,na,na,Driver,Normal,Not a Pedestrian,Turnover,Slight Injury
20:40:00,Friday,31-50,Male,Junior high school,Employee,Above 10yr,Automobile,,,,Office areas,Two-way (divided with broken lines road marking),Tangent road with flat terrain,Y,Asphalt roads,Wet or damp,Daylight,Raining,Collision with roadside objects,2,2,Going straight,Driver or rider,Male,31-50,Self-employed,Normal,Not a Pedestrian,No distancing,Slight Injury
12:44:00,Tuesday,Under 18,Male,Junior high school,Employee,5-10yr,Public (> 45 seats),Owner,Unknown,,Office areas,Undivided Two way,Tangent road with flat terrain,Y,Asphalt roads,Dry,Daylight,Normal,Vehicle with vehicle collision,2,1,Going straight,na,na,na,,,Not a Pedestrian,No distancing,Slight Injury
12:44:00,Tuesday,18-30,Male,Junior high school,Employee,Above 10yr,Lorry (41?100Q),Governmental,5-10yrs,No defect,Church areas,Two-way (divided with broken lines road marking),Tangent road with flat terrain,Y,Asphalt roads,Dry,Daylight,Normal,Vehicle with vehicle collision,2,1,Going straight,Driver or rider,Male,18-30,Driver,Normal,Not a Pedestrian,No distancing,Slight Injury
8:50:00,Thursday,31-50,Male,Junior high school,Employee,2-5yr,Public (> 45 seats),Owner,2-5yrs,,Residential areas,Undivided Two way,Tangent road with flat terrain,Y,Asphalt roads,Dry,Daylight,Normal,Collision with roadside objects,1,1,Getting off,Driver or rider,Male,Under 18,Other,Normal,Not a Pedestrian,Changing lane to the left,Serious Injury
8:50:00,Thursday,18-30,Male,Junior high school,Employee,Below 1yr,,Owner,Unknown,No defect,Office areas,Other,Tangent road with flat terrain,Y,Asphalt roads,Dry,Daylight,Normal,Vehicle with vehicle collision,1,1,Going straight,na,na,na,Driver,Normal,Not a Pedestrian,No priority to vehicle,Slight Injury
8:08:00,Tuesday,18-30,Male,Junior high school,Employee,Below 1yr,,Owner,2-5yrs,No defect,Residential areas,One way,Tangent road with flat terrain,Y,Asphalt roads,Dry,Darkness - lights lit,Normal,Vehicle with vehicle collision,3,3,Going straight,Driver or rider,Female,31-50,Self-employed,Normal,Not a Pedestrian,Driving at high speed,Slight Injury
15:33:00,Tuesday,31-50,Male,Junior high school,Owner,5-10yr,Automobile,Owner,2-5yrs,No defect,Other,Two-way (divided with broken lines road marking),Tangent road with flat terrain,Y,Other,Dry,Darkness - lights lit,Normal,Vehicle with vehicle collision,3,3,Other,Passenger,Male,18-30,Driver,Normal,Not a Pedestrian,Overtaking,Slight Injury
15:33:00,Tuesday,31-50,Male,Junior high school,Employee,2-5yr,Automobile,Governmental,2-5yrs,No defect,Other,Two-way (divided with broken lines road marking),Tangent road with flat terrain,+,Asphalt roads,Dry,Darkness - lights lit,Normal,Vehicle with vehicle collision,3,3,Going straight,na,na,na,Driver,Normal,Not a Pedestrian,Other,Slight Injury
18:20:00,Sunday,18-30,Male,Elementary school,Employee,Below 1yr,Lorry (41?100Q),Owner,Unknown,No defect,Residential areas,Two-way (divided with broken lines road marking),Tangent road with flat terrain,+,Asphalt roads,Dry,Darkness - lights lit,Normal,Collision with pedestrians,3,3,Going straight,na,na,na,,,Not a Pedestrian,Changing lane to the left,Slight Injury
18:20:00,Sunday,Over 51,Male,Junior high school,Employee,2-5yr,Automobile,Owner,5-10yrs,No defect,Industrial areas,Undivided Two way,Tangent road with flat terrain,+,Asphalt roads,Dry,Darkness - lights lit,Normal,Rollover,2,1,Going straight,Driver or rider,Male,18-30,Driver,Normal,Not a Pedestrian,No priority to pedestrian,Slight Injury
9:55:00,Monday,Over 51,Male,Junior high school,Employee,5-10yr,Public (13?45 seats),Owner,2-5yrs,No defect,Other,Undivided Two way,Steep grade downward with mountainous terrain,+,Asphalt roads,Dry,Darkness - lights lit,Normal,Vehicle with vehicle collision,2,1,Going straight,Driver or rider,Male,31-50,Driver,Normal,Not a Pedestrian,Changing lane to the left,Slight Injury
9:55:00,Monday,Over 51,Male,High school,Employee,Above 10yr,Automobile,Owner,1-2yr,No defect,Office areas,Undivided Two way,Tangent road with flat terrain,+,Asphalt roads,Dry,Daylight,Normal,Vehicle with vehicle collision,2,1,Going straight,na,na,na,,,Not a Pedestrian,No distancing,Slight Injury
20:16:00,Wednesday,31-50,Male,High school,Employee,Above 10yr,Public (> 45 seats),Organization,2-5yrs,No defect,Other,Two-way (divided with broken lines road marking),Tangent road with mountainous terrain and,No junction,Asphalt roads,Dry,Daylight,Normal,Vehicle with vehicle collision,2,1,Reversing,Driver or rider,Male,31-50,,,Not a Pedestrian,Moving Backward,Slight Injury
9:05:00,Monday,31-50,Male,Junior high school,Employee,5-10yr,Lorry (41?100Q),Governmental,1-2yr,,Other,Undivided Two way,Tangent road with flat terrain,No junction,Asphalt roads,Dry,Daylight,Unknown,Collision with roadside objects,3,4,Other,na,na,na,Driver,Normal,Not a Pedestrian,Changing lane to the left,Serious Injury
9:05:00,Monday,31-50,Male,Elementary school,Employee,1-2yr,Automobile,Owner,Unknown,No defect,Other,Two-way (divided with broken lines road marking),Tangent road with flat terrain,Y,Asphalt roads,Dry,Daylight,Unknown,Vehicle with vehicle collision,3,4,Going straight,na,na,na,Driver,Normal,Not a Pedestrian,Other,Serious Injury
9:05:00,Monday,Unknown,Male,Elementary school,Employee,5-10yr,Lorry (11?40Q),Owner,2-5yrs,No defect,Other,Double carriageway (median),Tangent road with flat terrain,Y,Other,Dry,Daylight,Unknown,Rollover,3,4,Going straight,Driver or rider,Male,5,,,Not a Pedestrian,No distancing,Serious Injury
20:00:00,Wednesday,Over 51,Male,Junior high school,Employee,5-10yr,Public (13?45 seats),Owner,Unknown,7,Office areas,Undivided Two way,Tangent road with flat terrain,Y,Other,Dry,Daylight,Unknown,Collision with roadside objects,3,4,Going straight,Driver or rider,Male,18-30,,,Not a Pedestrian,Moving Backward,Serious Injury
11:30:00,Tuesday,18-30,Male,Junior high school,Employee,1-2yr,Public (13?45 seats),Governmental,1-2yr,No defect,Other,Two-way (divided with broken lines road marking),Tangent road with flat terrain,Y,Asphalt roads,Dry,Daylight,Normal,Vehicle with vehicle collision,1,1,Going straight,na,na,na,Driver,Normal,Not a Pedestrian,No distancing,Slight Injury
11:30:00,Tuesday,18-30,Male,Junior high school,Owner,5-10yr,,,,,,Other,Tangent road with flat terrain,Y,Asphalt roads,Dry,Daylight,Normal,Vehicle with vehicle collision,1,1,Going straight,Driver or rider,Male,18-30,Driver,Normal,Not a Pedestrian,Changing lane to the left,Serious Injury
11:30:00,Tuesday,Under 18,Male,High school,Owner,Above 10yr,Long lorry,Organization,Unknown,No defect,Other,Two-way (divided with broken lines road marking),Tangent road with flat terrain,+,Asphalt roads,Wet or damp,Darkness - lights lit,Normal,Vehicle with vehicle collision,2,1,Going straight,na,na,na,,,Not a Pedestrian,Changing lane to the left,Slight Injury
11:30:00,Tuesday,Under 18,Male,,Owner,Below 1yr,Lorry (41?100Q),Owner,Above 10yr,,Other,Other,Steep grade downward with mountainous terrain,+,Asphalt roads,Wet or damp,Darkness - lights lit,Normal,Vehicle with vehicle collision,2,1,Going straight,Passenger,Female,Over 51,,,Not a Pedestrian,No priority to pedestrian,Slight Injury
11:30:00,Tuesday,Under 18,Male,Writing & reading,Owner,5-10yr,Lorry (11?40Q),Owner,Unknown,,Office areas,Undivided Two way,Tangent road with flat terrain,+,Asphalt roads with some distress,Wet or damp,Daylight,Fog or mist,Vehicle with vehicle collision,2,1,Going straight,Pedestrian,Female,Over 51,Driver,Normal,Unknown or other,Changing lane to the left,Slight Injury
11:30:00,Tuesday,31-50,Male,Above high school,Employee,Above 10yr,Lorry (41?100Q),Owner,Unknown,No defect,Office areas,One way,Tangent road with flat terrain,+,Other,Wet or damp,Daylight,Fog or mist,Vehicle with vehicle collision,2,1,Going straight,Driver or rider,Male,Under 18,Driver,Normal,Not a Pedestrian,Driving carelessly,Slight Injury
11:30:00,Tuesday,18-30,Male,High school,Employee,Below 1yr,Public (12 seats),Owner,Above 10yr,No defect,Church areas,Other,Tangent road with flat terrain,Y,Asphalt roads,Dry,Daylight,Normal,Collision with pedestrians,2,1,Moving Backward,Driver or rider,Female,31-50,,,Not a Pedestrian,Driving carelessly,Slight Injury
14:00:00,Saturday,31-50,Male,Junior high school,Employee,1-2yr,,Owner,,No defect,Office areas,Double carriageway (median),Tangent road with flat terrain,Y,Asphalt roads,Dry,Daylight,Normal,Vehicle with vehicle collision,2,1,Moving Backward,Passenger,Female,Over 51,Driver,,Not a Pedestrian,No priority to pedestrian,Slight Injury
14:00:00,Saturday,18-30,Male,Junior high school,Employee,Above 10yr,Taxi,Owner,Above 10yr,No defect,Office areas,Other,Tangent road with flat terrain,No junction,Asphalt roads,Wet or damp,Darkness - lights lit,Windy,Vehicle with vehicle collision,1,1,Turnover,na,na,na,Driver,Normal,Not a Pedestrian,Getting off the vehicle improperly,Serious Injury
20:55:00,Friday,Over 51,Male,Junior high school,Owner,Above 10yr,,Owner,Unknown,No defect,Office areas,Two-way (divided with broken lines road marking),Tangent road with flat terrain,No junction,Asphalt roads,Dry,Daylight,Normal,Collision with roadside objects,2,1,Other,Driver or rider,Male,18-30,Driver,Normal,Not a Pedestrian,No distancing,Slight Injury