Time,Day_of_week,Age_band_of_driver,Drivers_gender,Educational_level,Vehicle_driver_relation,Driving_experience,Type_of_vehicle,Owner_of_vehicle,Service_year_of_vehicle,Defect_of_vehicle,Area_accident_occured,Lanes_or_Medians,Road_allignment,Types_of_Junction,Road_surface_type,Road_surface_conditions,Light_conditions,Weather_conditions,Type_of_collision,Number_of_vehicles_involved,Number_of_casualties,Vehicle_movement,Casualty_class,Casualty_gender,Age_band_of_casualty,Work_of_casuality,Fitness_of_casuality,Pedestrian_movement,Cause_of_accident,Accident_severity
21:00:00,Monday,18-30,Male,Junior high school,Employee,5-10yr,Lorry (41?100Q),Owner,5-10yrs,7,Recreational areas,Two-way (divided with solid lines road marking),Tangent road with flat terrain,X,Asphalt roads,Dry,Darkness - lights lit,Normal,Collision with pedestrians,1,4,Going straight,Driver or rider,Male,31-50,,,"Walking along in carriageway, facing traffic",Driving carelessly,Serious Injury
20:00:00,Saturday,18-30,Male,Elementary school,Employee,5-10yr,Lorry (41?100Q),Owner,2-5yrs,No defect,Residential areas,Two-way (divided with solid lines road marking),Tangent road with flat terrain,X,Asphalt roads,Dry,Darkness - lights lit,Normal,Collision with pedestrians,1,4,Unknown,Driver or rider,Male,18-30,Employee,,Crossing from nearside - masked by parked or statioNot a Pedestrianry vehicle,Overtaking,Serious Injury
10:59:00,Friday,18-30,Female,Elementary school,Owner,5-10yr,Pick up upto 10Q,Owner,Above 10yr,No defect,Office areas,Two-way (divided with solid lines road marking),Tangent road with flat terrain,X,Asphalt roads,Dry,Daylight,Normal,Collision with pedestrians,1,4,Going straight,Driver or rider,Female,Over 51,Driver,,Crossing from nearside - masked by parked or statioNot a Pedestrianry vehicle,Changing lane to the right,Slight Injury
22:30:00,Monday,18-30,Male,Junior high school,Employee,5-10yr,Other,Owner,2-5yrs,7,Church areas,Two-way (divided with solid lines road marking),Tangent road with flat terrain,X,Asphalt roads,Dry,Darkness - lights lit,Normal,Collision with pedestrians,1,1,Going straight,Driver or rider,Male,Under 18,Driver,,"Walking along in carriageway, facing traffic",No distancing,Serious Injury
18:30:00,Tuesday,Under 18,Male,Junior high school,Owner,5-10yr,Automobile,Owner,2-5yrs,7,Residential areas,Two-way (divided with solid lines road marking),Tangent road with flat terrain,X,Asphalt roads,Dry,Darkness - lights lit,Cloudy,Collision with pedestrians,1,1,Stopping,Driver or rider,Male,18-30,Driver,,Crossing from nearside - masked by parked or statioNot a Pedestrianry vehicle,Other,Serious Injury
19:15:00,Wednesday,18-30,Male,Illiterate,Employee,2-5yr,Automobile,Owner,Unknown,No defect,Office areas,Two-way (divided with solid lines road marking),Tangent road with flat terrain,X,Asphalt roads,Dry,Darkness - lights lit,Cloudy,Collision with pedestrians,2,2,Going straight,na,na,na,Self-employed,Normal,"Walking along in carriageway, facing traffic",Changing lane to the right,Serious Injury
9:30:00,Monday,31-50,Male,Junior high school,Employee,5-10yr,Lorry (11?40Q),Owner,5-10yrs,7,Office areas,Two-way (divided with solid lines road marking),Tangent road with flat terrain,X,Asphalt roads,Dry,Daylight,Normal,Vehicle with vehicle collision,2,2,Overtaking,Driver or rider,Male,18-30,Driver,Normal,"Walking along in carriageway, facing traffic",Changing lane to the right,Serious Injury
11:00:00,Monday,31-50,Male,Junior high school,Employee,Below 1yr,Bajaj,Owner,Unknown,7,Recreational areas,,Tangent road with flat terrain,Out of junction,Asphalt roads with some distress,Wet or damp,Daylight,Raining,Collision with pedestrians,2,2,Going straight,Driver or rider,Male,Over 51,Other,Normal,"Walking along in carriageway, facing traffic",Overtaking,Serious Injury
19:15:00,Friday,18-30,Male,Junior high school,Employee,1-2yr,Automobile,Owner,Unknown,No defect,Recreational areas,Two-way (divided with solid lines road marking),Tangent road with flat terrain,X,Asphalt roads,Dry,Darkness - lights lit,Normal,Collision with pedestrians,2,1,Reversing,na,na,na,,,Crossing from nearside - masked by parked or statioNot a Pedestrianry vehicle,Other,Slight Injury
10:00:00,Monday,18-30,Male,Elementary school,Employee,2-5yr,Lorry (41?100Q),Governmental,Unknown,No defect,Church areas,Two-way (divided with solid lines road marking),Tangent road with flat terrain,X,Asphalt roads,Dry,Daylight,Normal,Vehicle with vehicle collision,2,1,Going straight,Driver or rider,Male,31-50,Driver,Normal,"Walking along in carriageway, facing traffic",Driving to the left,Slight Injury
6:00:00,Sunday,Unknown,Female,Elementary school,Employee,2-5yr,Lorry (11?40Q),Owner,Unknown,No defect,Office areas,Two-way (divided with solid lines road marking),Tangent road with flat terrain,X,Asphalt roads,Dry,Daylight,Normal,Vehicle with vehicle collision,2,2,Going straight,Driver or rider,Male,Over 51,Self-employed,Normal,Crossing from nearside - masked by parked or statioNot a Pedestrianry vehicle,Overtaking,Serious Injury
18:30:00,Monday,31-50,Male,Elementary school,Employee,5-10yr,Lorry (11?40Q),Owner,5-10yrs,No defect,Office areas,Two-way (divided with solid lines road marking),Tangent road with flat terrain,X,Asphalt roads,Dry,Darkness - lights lit,Normal,Collision with pedestrians,2,2,Unknown,Driver or rider,Male,Over 51,Self-employed,Normal,"Walking along in carriageway, facing traffic",No priority to vehicle,Slight Injury
17:00:00,Tuesday,31-50,Male,Junior high school,Employee,5-10yr,Automobile,Governmental,Unknown,No defect,Office areas,Two-way (divided with solid lines road marking),Tangent road with flat terrain,X,Asphalt roads,Dry,Daylight,Normal,Collision with pedestrians,2,2,Going straight,na,na,na,Self-employed,Normal,Crossing from nearside - masked by parked or statioNot a Pedestrianry vehicle,Moving Backward,Slight Injury
9:30:00,Wednesday,Under 18,Male,Junior high school,Unknown,,Automobile,,1-2yr,7,School areas,Two-way (divided with solid lines road marking),Tangent road with flat terrain,X,Asphalt roads,Wet or damp,Daylight,Fog or mist,Collision with pedestrians,2,1,Moving Backward,Driver or rider,Male,Over 51,,Other,"Walking along in carriageway, facing traffic",Other,Slight Injury
14:45:00,Friday,Under 18,Male,Junior high school,Employee,Above 10yr,Automobile,Owner,2-5yrs,7,Hospital areas,Two-way (divided with solid lines road marking),Tangent road with flat terrain,X,Asphalt roads,Wet or damp,Daylight,Raining,Collision with pedestrians,2,1,Going straight,na,na,na,Driver,Blind,Crossing from nearside - masked by parked or statioNot a Pedestrianry vehicle,No priority to vehicle,Slight Injury
15:00:00,Friday,Under 18,Male,Junior high school,Employee,Above 10yr,Public (13?45 seats),Governmental,5-10yrs,No defect,School areas,Two-way (divided with solid lines road marking),Tangent road with flat terrain,X,Asphalt roads,Wet or damp,Daylight,Raining,Collision with pedestrians,2,2,Moving Backward,Driver or rider,Male,18-30,Driver,Normal,Crossing from nearside - masked by parked or statioNot a Pedestrianry vehicle,No priority to pedestrian,Serious Injury
17:40:00,Friday,31-50,Male,Junior high school,Owner,Above 10yr,Public (12 seats),Owner,1-2yr,No defect,Office areas,Two-way (divided with solid lines road marking),Tangent road with flat terrain,X,Asphalt roads,Dry,Daylight,Normal,Collision with pedestrians,2,2,Going straight,Passenger,Female,18-30,Self-employed,Normal,Crossing from nearside - masked by parked or statioNot a Pedestrianry vehicle,Changing lane to the right,Slight Injury
9:00:00,Sunday,Over 51,Male,Junior high school,Employee,Unknown,Other,Owner,2-5yrs,No defect,Recreational areas,Two-way (divided with solid lines road marking),Tangent road with flat terrain,X,Asphalt roads,Dry,Daylight,Normal,Collision with pedestrians,2,3,Going straight,Driver or rider,Male,31-50,Driver,Normal,"Walking along in carriageway, facing traffic",Changing lane to the right,Slight Injury
7:00:00,Monday,31-50,Male,Junior high school,Employee,5-10yr,Automobile,Owner,Below 1yr,No defect,Market areas,Two-way (divided with solid lines road marking),Tangent road with flat terrain,X,Asphalt roads,Dry,Daylight,Normal,Vehicle with vehicle collision,2,3,Unknown,na,na,na,Driver,Normal,Crossing from nearside - masked by parked or statioNot a Pedestrianry vehicle,Changing lane to the right,Serious Injury
4:50:00,Thursday,31-50,Male,Junior high school,Employee,2-5yr,Automobile,Organization,1-2yr,No defect,Residential areas,Two-way (divided with solid lines road marking),Tangent road with flat terrain,X,Asphalt roads,Wet or damp,Darkness - lights lit,Normal,Collision with pedestrians,2,3,Going straight,Driver or rider,Male,Under 18,Driver,Normal,Crossing from nearside - masked by parked or statioNot a Pedestrianry vehicle,Driving to the left,Slight Injury
22:00:00,Monday,18-30,Male,Elementary school,Employee,5-10yr,Public (13?45 seats),Owner,1-2yr,No defect,Office areas,Two-way (divided with solid lines road marking),Tangent road with flat terrain,X,Asphalt roads,Dry,Darkness - lights lit,Normal,Collision with pedestrians,2,1,Going straight,na,na,na,Driver,Normal,Crossing from nearside - masked by parked or statioNot a Pedestrianry vehicle,Changing lane to the left,Serious Injury
15:00:00,Thursday,18-30,Male,Junior high school,Employee,2-5yr,Public (13?45 seats),Owner,1-2yr,No defect,Office areas,Two-way (divided with solid lines road marking),Tangent road with flat terrain,X,Asphalt roads,Dry,Daylight,Normal,Collision with pedestrians,2,1,Going straight,Pedestrian,Female,Under 18,Driver,Normal,Crossing from nearside - masked by parked or statioNot a Pedestrianry vehicle,Moving Backward,Slight Injury
11:00:00,Friday,Over 51,Male,High school,Owner,5-10yr,Automobile,Owner,1-2yr,No defect,Hospital areas,Two-way (divided with solid lines road marking),Tangent road with flat terrain,X,Asphalt roads,Dry,Daylight,Normal,Collision with pedestrians,2,1,Turnover,na,na,na,Driver,Normal,"Walking along in carriageway, facing traffic",Driving at high speed,Slight Injury
17:20:00,Friday,18-30,Male,Junior high school,Employee,Above 10yr,Other,Owner,5-10yrs,No defect,Residential areas,Two-way (divided with solid lines road marking),Tangent road with flat terrain,X,Asphalt roads,Dry,Daylight,Normal,Collision with pedestrians,2,1,Going straight,Driver or rider,Male,31-50,,Normal,"Walking along in carriageway, facing traffic",Moving Backward,Slight Injury
11:50:00,Thursday,31-50,Male,Junior high school,Employee,2-5yr,Pick up upto 10Q,Owner,2-5yrs,No defect,Office areas,Two-way (divided with solid lines road marking),Tangent road with flat terrain,X,Asphalt roads,Dry,Daylight,Normal,Collision with pedestrians,2,1,Going straight,na,na,na,Employee,Normal,"Walking along in carriageway, facing traffic",No distancing,Slight Injury
20:00:00,Friday,31-50,Female,Elementary school,Employee,2-5yr,Lorry (41?100Q),Owner,2-5yrs,No defect,Office areas,Two-way (divided with solid lines road marking),Tangent road with flat terrain,X,Asphalt roads,Dry,Darkness - lights lit,Normal,Collision with pedestrians,2,1,Going straight,Passenger,Female,18-30,,,"Walking along in carriageway, facing traffic",Other,Serious Injury
14:30:00,Sunday,Over 51,Male,High school,Owner,Above 10yr,Automobile,Owner,5-10yrs,No defect,Residential areas,Two-way (divided with solid lines road marking),Tangent road with flat terrain,X,Asphalt roads,Dry,Daylight,Normal,Collision with pedestrians,2,2,Reversing,Driver or rider,Male,18-30,Driver,Normal,"Walking along in carriageway, facing traffic",No priority to vehicle,Serious Injury
18:30:00,Tuesday,Over 51,Male,Elementary school,Employee,1-2yr,Automobile,Owner,2-5yrs,No defect,Hospital areas,Two-way (divided with solid lines road marking),Tangent road with flat terrain,X,Asphalt roads,Dry,Darkness - lights lit,Normal,Collision with pedestrians,2,2,Getting off,na,na,na,Self-employed,Normal,"Walking along in carriageway, facing traffic",Changing lane to the right,Slight Injury
7:30:00,Friday,18-30,Female,Junior high school,Employee,Above 10yr,Lorry (41?100Q),Owner,5-10yrs,No defect,School areas,Two-way (divided with solid lines road marking),Steep grade downward with mountainous terrain,X,Asphalt roads,Dry,Daylight,Normal,Vehicle with vehicle collision,2,2,Going straight,na,na,na,Self-employed,Normal,"Walking along in carriageway, facing traffic",Other,Serious Injury
21:30:00,Saturday,31-50,Male,Junior high school,Unknown,,Lorry (41?100Q),,2-5yrs,5,Industrial areas,Two-way (divided with solid lines road marking),Tangent road with flat terrain,X,Asphalt roads,Dry,Darkness - lights lit,Normal,Vehicle with vehicle collision,2,1,Getting off,Driver or rider,Male,18-30,,,"Walking along in carriageway, facing traffic",No distancing,Slight Injury
22:00:00,Sunday,Over 51,Male,Junior high school,Owner,5-10yr,Other,Owner,Unknown,No defect,Office areas,Two-way (divided with solid lines road marking),Tangent road with flat terrain,X,Asphalt roads,Dry,Darkness - lights lit,Normal,Collision with pedestrians,2,1,Going straight,na,na,na,Self-employed,Normal,"Walking along in carriageway, facing traffic",Driving carelessly,Slight Injury
16:30:00,Tuesday,18-30,Male,Above high school,Employee,5-10yr,Automobile,Owner,1-2yr,No defect,Industrial areas,Two-way (divided with solid lines road marking),Tangent road with flat terrain,X,Asphalt roads,Dry,Daylight,Normal,Vehicle with vehicle collision,2,1,Going straight,Driver or rider,Male,31-50,,,Crossing from nearside - masked by parked or statioNot a Pedestrianry vehicle,No distancing,Serious Injury
9:10:00,Wednesday,18-30,Male,Junior high school,Employee,5-10yr,Automobile,Owner,Unknown,7,Office areas,Two-way (divided with solid lines road marking),Tangent road with flat terrain,X,Asphalt roads,Dry,Daylight,Normal,Collision with pedestrians,2,1,Going straight,Pedestrian,Female,18-30,Self-employed,Normal,Crossing from nearside - masked by parked or statioNot a Pedestrianry vehicle,Moving Backward,Serious Injury
12:00:00,Thursday,18-30,Male,Junior high school,Employee,Above 10yr,Automobile,Owner,5-10yrs,No defect,Hospital areas,,Tangent road with flat terrain,X,Asphalt roads,Dry,Daylight,Normal,Collision with pedestrians,2,1,Going straight,na,na,na,Driver,Normal,Crossing from nearside - masked by parked or statioNot a Pedestrianry vehicle,No distancing,Slight Injury
20:00:00,Thursday,31-50,Male,Junior high school,Employee,1-2yr,Automobile,Owner,5-10yrs,No defect,Residential areas,Two-way (divided with solid lines road marking),Tangent road with flat terrain,X,Asphalt roads,Dry,Darkness - lights lit,Normal,Collision with pedestrians,2,1,Going straight,Driver or rider,Male,Under 18,Self-employed,Normal,Crossing from nearside - masked by parked or statioNot a Pedestrianry vehicle,Moving Backward,Slight Injury
18:10:00,Saturday,31-50,Male,Junior high school,Employee,2-5yr,Lorry (41?100Q),Owner,1-2yr,No defect,Office areas,Two-way (divided with solid lines road marking),Tangent road with flat terrain,X,Asphalt roads,Dry,Darkness - lights lit,Normal,Vehicle with vehicle collision,1,1,Going straight,Driver or rider,Male,31-50,Self-employed,Normal,"Walking along in carriageway, facing traffic",No priority to pedestrian,Slight Injury
23:30:00,Monday,31-50,Male,Junior high school,Employee,Below 1yr,Other,Owner,1-2yr,No defect,Residential areas,Two-way (divided with solid lines road marking),Tangent road with flat terrain,X,Asphalt roads,Dry,Darkness - lights lit,Normal,Collision with pedestrians,2,3,Going straight,Passenger,Female,18-30,Self-employed,Normal,"Walking along in carriageway, facing traffic",Changing lane to the left,Serious Injury
16:20:00,Tuesday,31-50,Male,Junior high school,Employee,Above 10yr,Pick up upto 10Q,Governmental,2-5yrs,No defect,Recreational areas,Two-way (divided with solid lines road marking),Tangent road with flat terrain,X,Asphalt roads,Dry,Daylight,Normal,Collision with pedestrians,2,3,Going straight,na,na,na,Driver,Normal,"Walking along in carriageway, facing traffic",No distancing,Serious Injury
5:30:00,Wednesday,31-50,Male,Junior high school,Employee,1-2yr,Stationwagen,Owner,2-5yrs,No defect,Office areas,Two-way (divided with solid lines road marking),Tangent road with flat terrain,X,Asphalt roads,Dry,Darkness - lights lit,Normal,Other,2,3,Going straight,na,na,na,Employee,Normal,Crossing from nearside - masked by parked or statioNot a Pedestrianry vehicle,Other,Serious Injury
3:30:00,Friday,18-30,Male,Above high school,Employee,5-10yr,Other,Owner,5-10yrs,No defect,Office areas,Two-way (divided with solid lines road marking),Tangent road with flat terrain,X,Asphalt roads,Dry,Darkness - lights lit,Normal,Collision with pedestrians,2,1,Moving Backward,Driver or rider,Male,Under 18,,Normal,"Walking along in carriageway, facing traffic",No distancing,Slight Injury
19:00:00,Sunday,18-30,Male,Junior high school,Employee,5-10yr,Pick up upto 10Q,Owner,5-10yrs,No defect,Recreational areas,Two-way (divided with solid lines road marking),Tangent road with flat terrain,X,Asphalt roads,Dry,Darkness - lights lit,Normal,Collision with pedestrians,2,1,Going straight,Driver or rider,Male,18-30,,,"Walking along in carriageway, facing traffic",No priority to pedestrian,Serious Injury
0:30:00,Sunday,Unknown,Female,Elementary school,Owner,Below 1yr,Stationwagen,Owner,2-5yrs,5,Residential areas,Two-way (divided with solid lines road marking),Tangent road with flat terrain,X,Asphalt roads,Dry,Darkness - lights lit,Normal,Collision with pedestrians,3,1,Going straight,na,na,na,,,"Walking along in carriageway, facing traffic",Moving Backward,Serious Injury
8:00:00,Thursday,31-50,Male,Elementary school,Unknown,,Lorry (41?100Q),,1-2yr,No defect,Church areas,Two-way (divided with solid lines road marking),Tangent road with flat terrain,X,Asphalt roads,Dry,Daylight,Normal,Vehicle with vehicle collision,3,1,Going straight,na,na,na,,,"Walking along in carriageway, facing traffic",No priority to pedestrian,Slight Injury
9:00:00,Thursday,Over 51,Female,Junior high school,Employee,Above 10yr,Automobile,Owner,2-5yrs,No defect,Office areas,Two-way (divided with solid lines road marking),Tangent road with flat terrain,X,Asphalt roads,Dry,Daylight,Normal,Collision with pedestrians,3,1,Going straight,Driver or rider,Male,18-30,Self-employed,Normal,Crossing from nearside - masked by parked or statioNot a Pedestrianry vehicle,No distancing,Slight Injury
15:30:00,Sunday,31-50,Male,Junior high school,Unknown,,Automobile,Governmental,1-2yr,7,Residential areas,Two-way (divided with solid lines road marking),Tangent road with flat terrain,X,Asphalt roads,Dry,Daylight,Normal,Collision with pedestrians,1,1,Going straight,Passenger,Female,18-30,Driver,Normal,"Walking along in carriageway, facing traffic",No priority to pedestrian,Slight Injury
17:00:00,Sunday,18-30,Male,Junior high school,Employee,1-2yr,Automobile,Owner,2-5yrs,No defect,Recreational areas,Two-way (divided with solid lines road marking),Tangent road with flat terrain,X,Asphalt roads,Dry,Daylight,Normal,Vehicle with vehicle collision,2,1,Going straight,Driver or rider,Male,18-30,,,"Walking along in carriageway, facing traffic",Driving carelessly,Slight Injury
7:30:00,Tuesday,18-30,Male,Junior high school,Owner,2-5yr,Automobile,Owner,2-5yrs,7,Residential areas,Two-way (divided with solid lines road marking),Tangent road with flat terrain,X,Asphalt roads,Dry,Daylight,Normal,Collision with pedestrians,2,1,Going straight,Driver or rider,Male,18-30,,,Crossing from nearside - masked by parked or statioNot a Pedestrianry vehicle,Getting off the vehicle improperly,Serious Injury
11:30:00,Friday,18-30,Male,Junior high school,Employee,Unknown,Turbo,Owner,Unknown,No defect,Industrial areas,Two-way (divided with solid lines road marking),Tangent road with flat terrain,X,Asphalt roads,Dry,Daylight,Normal,Collision with pedestrians,2,3,Going straight,Passenger,Female,18-30,Driver,Normal,"Walking along in carriageway, facing traffic",Driving carelessly,Slight Injury
3:00:00,Sunday,18-30,Female,Junior high school,Employee,Above 10yr,Turbo,Owner,2-5yrs,No defect,Recreational areas,Two-way (divided with solid lines road marking),Tangent road with flat terrain,X,Asphalt roads,Dry,Darkness - lights lit,Normal,Collision with pedestrians,2,3,Going straight,na,na,na,Driver,Normal,"Walking along in carriageway, facing traffic",Changing lane to the left,Serious Injury
11:00:00,Friday,18-30,Male,Junior high school,Owner,2-5yr,Stationwagen,Owner,1-2yr,No defect,Church areas,,Sharp reverse curve ,Out of junction,Gravel roads,Dry,Daylight,Normal,Collision with pedestrians,2,3,Going straight,Driver or rider,Male,18-30,Self-employed,Normal,Crossing from nearside - masked by parked or statioNot a Pedestrianry vehicle,No priority to vehicle,Slight Injury
17:15:00,Friday,Over 51,Male,Junior high school,Employee,5-10yr,Automobile,Governmental,1-2yr,No defect,Residential areas,Undivided Two way,Tangent road with flat terrain,No junction,Asphalt roads,Dry,Daylight,Normal,Collision with pedestrians,1,1,Going straight,na,na,na,Driver,Normal,Crossing from nearside - masked by parked or statioNot a Pedestrianry vehicle,Changing lane to the right,Serious Injury
10:30:00,Saturday,18-30,Male,Junior high school,Employee,2-5yr,Automobile,Owner,1-2yr,No defect,Market areas,Two-way (divided with solid lines road marking),Tangent road with flat terrain,Out of junction,Asphalt roads,Dry,Daylight,Normal,Collision with pedestrians,1,1,Going straight,Driver or rider,Male,Under 18,Driver,Normal,Crossing from nearside - masked by parked or statioNot a Pedestrianry vehicle,Changing lane to the right,Serious Injury
5:30:00,Sunday,18-30,Male,Junior high school,Employee,1-2yr,Automobile,Owner,2-5yrs,No defect,Residential areas,,Tangent road with mild grade and flat terrain,Out of junction,Asphalt roads with some distress,Wet or damp,Daylight,Normal,Collision with pedestrians,1,1,Going straight,Driver or rider,Female,18-30,Self-employed,Normal,Crossing from nearside - masked by parked or statioNot a Pedestrianry vehicle,No distancing,Serious Injury
10:30:00,Sunday,Unknown,Female,Junior high school,Employee,5-10yr,Pick up upto 10Q,Owner,1-2yr,No defect,Market areas,,Sharp reverse curve ,No junction,Asphalt roads,Dry,Daylight,Normal,Vehicle with vehicle collision,1,1,Going straight,na,na,na,Self-employed,Normal,Crossing from nearside - masked by parked or statioNot a Pedestrianry vehicle,No distancing,Slight Injury
16:00:00,Tuesday,Over 51,Male,Junior high school,Employee,2-5yr,Lorry (41?100Q),Owner,2-5yrs,No defect,other,,Tangent road with flat terrain,No junction,Asphalt roads,Dry,Daylight,Normal,Vehicle with vehicle collision,1,1,Going straight,na,na,na,Driver,Normal,Crossing from nearside - masked by parked or statioNot a Pedestrianry vehicle,Changing lane to the left,Slight Injury
14:30:00,Wednesday,Unknown,Female,Elementary school,Employee,5-10yr,Lorry (41?100Q),Owner,2-5yrs,No defect,Office areas,Two-way (divided with solid lines road marking),Tangent road with flat terrain,Out of junction,Asphalt roads,Dry,Daylight,Normal,Collision with pedestrians,1,1,Going straight,Driver or rider,Male,18-30,Self-employed,Normal,Crossing from nearside - masked by parked or statioNot a Pedestrianry vehicle,Changing lane to the right,Serious Injury
20:00:00,Wednesday,18-30,Male,Above high school,Owner,5-10yr,Automobile,Owner,Below 1yr,No defect,Market areas,Two-way (divided with solid lines road marking),Tangent road with flat terrain,Out of junction,Asphalt roads with some distress,Dry,Darkness - lights unlit,Normal,Collision with pedestrians,2,1,Going straight,Passenger,Male,18-30,,,Crossing from nearside - masked by parked or statioNot a Pedestrianry vehicle,No priority to vehicle,Slight Injury
15:00:00,Thursday,18-30,Male,Junior high school,Employee,2-5yr,Lorry (41?100Q),Owner,2-5yrs,No defect,Residential areas,,Tangent road with flat terrain,No junction,Asphalt roads with some distress,Dry,Daylight,Normal,Vehicle with vehicle collision,2,1,Reversing,Pedestrian,Female,Under 18,,,Crossing from nearside - masked by parked or statioNot a Pedestrianry vehicle,Changing lane to the left,Slight Injury
8:00:00,Friday,18-30,Male,Junior high school,Employee,2-5yr,Lorry (41?100Q),Owner,2-5yrs,No defect,Residential areas,,Steep grade downward with mountainous terrain,No junction,Asphalt roads,Wet or damp,Daylight,Raining,Vehicle with vehicle collision,2,1,Going straight,Pedestrian,Female,Over 51,,,Crossing from nearside - masked by parked or statioNot a Pedestrianry vehicle,No priority to vehicle,Serious Injury
12:00:00,Friday,18-30,Male,Junior high school,Employee,2-5yr,Lorry (41?100Q),Owner,5-10yrs,No defect,Industrial areas,Undivided Two way,Tangent road with flat terrain,No junction,Asphalt roads,Dry,Daylight,Normal,Rollover,2,1,Going straight,Driver or rider,Male,Under 18,Self-employed,Normal,Crossing from nearside - masked by parked or statioNot a Pedestrianry vehicle,Moving Backward,Slight Injury
13:30:00,Saturday,31-50,Male,Junior high school,Employee,5-10yr,Lorry (41?100Q),Owner,Unknown,No defect,Market areas,,Tangent road with flat terrain,No junction,Asphalt roads,Dry,Daylight,Normal,Vehicle with vehicle collision,2,1,Going straight,na,na,na,Driver,Normal,Crossing from driver's nearside,Turnover,Serious Injury
23:45:00,Saturday,18-30,Male,Junior high school,Employee,1-2yr,Automobile,Owner,2-5yrs,7,Residential areas,Two-way (divided with solid lines road marking),Tangent road with flat terrain,No junction,Asphalt roads,Dry,Darkness - lights unlit,Normal,Rollover,2,1,Unknown,Pedestrian,Female,Under 18,Employee,Normal,Crossing from nearside - masked by parked or statioNot a Pedestrianry vehicle,No distancing,Serious Injury
17:00:00,Saturday,18-30,Male,Junior high school,Owner,2-5yr,Automobile,Owner,1-2yr,5,Market areas,,Tangent road with flat terrain,No junction,Asphalt roads,Dry,Daylight,Normal,Vehicle with vehicle collision,2,1,Going straight,na,na,na,Driver,Normal,Crossing from nearside - masked by parked or statioNot a Pedestrianry vehicle,No distancing,Slight Injury
19:30:00,Saturday,Over 51,Male,High school,Owner,2-5yr,Automobile,Owner,Above 10yr,No defect,Residential areas,,Tangent road with flat terrain,No junction,Asphalt roads,Dry,Daylight,Normal,Collision with pedestrians,2,1,Going straight,Driver or rider,Male,Over 51,Driver,Normal,"In carriageway, statioNot a Pedestrianry - not crossing  (standing or playing)",No distancing,Slight Injury
11:00:00,Sunday,31-50,Male,High school,Employee,1-2yr,Public (13?45 seats),Owner,2-5yrs,No defect,Market areas,,Tangent road with flat terrain,No junction,Asphalt roads,Dry,Daylight,Normal,Collision with pedestrians,2,1,Going straight,Passenger,Male,31-50,Driver,Normal,Crossing from nearside - masked by parked or statioNot a Pedestrianry vehicle,Changing lane to the left,Serious Injury
19:40:00,Sunday,31-50,Male,Junior high school,Owner,1-2yr,Automobile,Owner,1-2yr,No defect,other,Two-way (divided with solid lines road marking),Tangent road with flat terrain,Out of junction,Asphalt roads,Dry,Darkness - no lighting,Normal,Vehicle with vehicle collision,2,1,Going straight,Passenger,Male,Over 51,Driver,Normal,Crossing from nearside - masked by parked or statioNot a Pedestrianry vehicle,No priority to vehicle,Slight Injury
2:00:00,Sunday,Unknown,Female,Junior high school,Unknown,Below 1yr,Public (13?45 seats),Owner,1-2yr,No defect,Office areas,Two-way (divided with solid lines road marking),Tangent road with flat terrain,No junction,Asphalt roads,Wet or damp,Daylight,Normal,Vehicle with vehicle collision,2,1,Going straight,Passenger,Male,31-50,Driver,Normal,Crossing from nearside - masked by parked or statioNot a Pedestrianry vehicle,Driving at high speed,Slight Injury
7:50:00,Tuesday,Over 51,Male,High school,Employee,1-2yr,Public (13?45 seats),Owner,1-2yr,No defect,Market areas,,Tangent road with flat terrain,No junction,Asphalt roads,Dry,Daylight,Cloudy,Collision with pedestrians,2,1,Going straight,Passenger,Male,Over 51,Driver,Normal,Crossing from nearside - masked by parked or statioNot a Pedestrianry vehicle,Overtaking,Serious Injury