Time,Day_of_week,Age_band_of_driver,Drivers_gender,Educational_level,Vehicle_driver_relation,Driving_experience,Type_of_vehicle,Owner_of_vehicle,Service_year_of_vehicle,Defect_of_vehicle,Area_accident_occured,Lanes_or_Medians,Road_allignment,Types_of_Junction,Road_surface_type,Road_surface_conditions,Light_conditions,Weather_conditions,Type_of_collision,Number_of_vehicles_involved,Number_of_casualties,Vehicle_movement,Casualty_class,Casualty_gender,Age_band_of_casualty,Work_of_casuality,Fitness_of_casuality,Pedestrian_movement,Cause_of_accident,Accident_severity
14:00:00,Saturday,18-30,Male,Elementary school,Employee,5-10yr,Lorry (41?100Q),Owner,5-10yrs,No defect,Market areas,Other,Tangent road with flat terrain,+,Asphalt roads,Dry,Daylight,Normal,Collision with pedestrians,1,1,Getting off,Passenger,Female,31-50,Driver,Normal,Crossing from nearside - masked by parked or statioNot a Pedestrianry vehicle ,Driving at high speed,Slight Injury
15:30:00,Friday,31-50,Male,Junior high school,Employee,Above 10yr,Public (12 seats),Owner,5-10yrs,,Industrial areas,Undivided Two way,Tangent road with flat terrain,+,Asphalt roads,Dry,Daylight,Normal,Collision with pedestrians,1,1,Reversing,Passenger,Male,18-30,Employee,Normal,Crossing from offside - masked by  parked or statioNot a Pedestrianry vehicle,Driving to the left,Slight Injury
17:30:00,Saturday,18-30,Male,,Unknown,,Public (12 seats),,5-10yrs,,Hospital areas,Other,Tangent road with flat terrain,+,Asphalt roads with some distress,Dry,Daylight,Cloudy,Collision with pedestrians,1,1,Turnover,na,na,na,Driver,Normal,Crossing from offside - masked by  parked or statioNot a Pedestrianry vehicle,Overtaking,Slight Injury
19:20:00,Saturday,18-30,Male,Junior high school,Employee,2-5yr,Taxi,Owner,Above 10yr,No defect,Industrial areas,Other,Tangent road with flat terrain,+,Asphalt roads,Dry,Darkness - lights lit,Normal,Collision with pedestrians,1,1,Going straight,Driver or rider,Female,31-50,Self-employed,Normal,Crossing from offside - masked by  parked or statioNot a Pedestrianry vehicle,Overtaking,Slight Injury
7:30:00,Thursday,18-30,Female,Junior high school,Employee,5-10yr,Public (12 seats),Owner,2-5yrs,No defect,School areas,Double carriageway (median),Tangent road with flat terrain,+,Asphalt roads,Dry,Daylight,Normal,Collision with pedestrians,1,1,Going straight,Pedestrian,Male,Under 18,Driver,Normal,"In carriageway, statioNot a Pedestrianry - not crossing  (standing or playing)  ",Driving at high speed,Slight Injury
17:00:00,Friday,18-30,Male,Above high school,Employee,2-5yr,Automobile,Owner,2-5yrs,No defect,Hospital areas,Undivided Two way,Tangent road with flat terrain,+,Asphalt roads,Dry,Daylight,Normal,Collision with pedestrians,1,1,Going straight,na,na,na,Driver,Normal,"In carriageway, statioNot a Pedestrianry - not crossing  (standing or playing)  ",Driving at high speed,Slight Injury
5:30:00,Wednesday,Over 51,Female,,Unknown,,Public (12 seats),,2-5yrs,,Residential areas,Other,Tangent road with flat terrain,+,Asphalt roads,Dry,Daylight,Normal,Collision with pedestrians,1,1,Going straight,Driver or rider,Male,31-50,,,"In carriageway, statioNot a Pedestrianry - not crossing  (standing or playing)  ",No priority to pedestrian,Serious Injury
11:00:00,Sunday,18-30,Male,,Employee,1-2yr,Lorry (41?100Q),Owner,5-10yrs,No defect,Residential areas,Other,Tangent road with flat terrain,+,Asphalt roads,Dry,Daylight,Normal,Collision with pedestrians,1,1,Going straight,Driver or rider,Male,18-30,Driver,Normal,"In carriageway, statioNot a Pedestrianry - not crossing  (standing or playing)  ",Changing lane to the right,Serious Injury
19:00:00,Saturday,18-30,Male,Junior high school,Employee,2-5yr,Automobile,Owner,2-5yrs,No defect,Hospital areas,Two-way (divided with solid lines road marking),Tangent road with flat terrain,+,Asphalt roads,Dry,Darkness - lights lit,Normal,Collision with pedestrians,1,1,Going straight,na,na,na,,,"In carriageway, statioNot a Pedestrianry - not crossing  (standing or playing)  ",Driving at high speed,Slight Injury
15:00:00,Monday,18-30,Male,Junior high school,Employee,Above 10yr,Automobile,Governmental,Below 1yr,No defect,Hospital areas,Undivided Two way,Tangent road with flat terrain,+,Asphalt roads,Dry,Daylight,Normal,Collision with pedestrians,1,1,Moving Backward,Driver or rider,Male,18-30,Driver,,"In carriageway, statioNot a Pedestrianry - not crossing  (standing or playing)  ",Driving carelessly,Slight Injury
15:30:00,Tuesday,18-30,Male,Junior high school,Employee,Below 1yr,Lorry (41?100Q),Owner,5-10yrs,No defect,Industrial areas,Undivided Two way,Tangent road with flat terrain,+,Asphalt roads,Dry,Daylight,Normal,Collision with pedestrians,1,1,Reversing,Passenger,Female,18-30,,Normal,"In carriageway, statioNot a Pedestrianry - not crossing  (standing or playing)  ",Overtaking,Slight Injury
7:00:00,Monday,31-50,Female,Junior high school,Employee,2-5yr,Automobile,Governmental,,No defect,Recreational areas,Other,Tangent road with flat terrain,+,Asphalt roads,Dry,Daylight,Normal,Collision with pedestrians,1,1,Turnover,na,na,na,Driver,Normal,"In carriageway, statioNot a Pedestrianry - not crossing  (standing or playing)  ",Overtaking,Slight Injury
11:00:00,Tuesday,Over 51,Male,Junior high school,Employee,Below 1yr,Automobile,Owner,1-2yr,No defect,Industrial areas,Undivided Two way,Tangent road with flat terrain,+,Asphalt roads,Wet or damp,Daylight,Raining,Collision with pedestrians,1,1,Going straight,Driver or rider,Female,18-30,Driver,Normal,"In carriageway, statioNot a Pedestrianry - not crossing  (standing or playing)  ",Overtaking,Slight Injury
16:30:00,Tuesday,18-30,Male,High school,Employee,5-10yr,Automobile,Owner,2-5yrs,No defect,Hospital areas,Undivided Two way,Tangent road with flat terrain,Other,Asphalt roads,Wet or damp,Daylight,Raining,Vehicle with vehicle collision,3,6,Going straight,Pedestrian,Male,Under 18,Driver,Normal,Not a Pedestrian,Changing lane to the right,Slight Injury
11:00:00,Wednesday,18-30,Male,Above high school,Employee,1-2yr,Taxi,Owner,5-10yrs,No defect,Residential areas,Double carriageway (median),Tangent road with flat terrain,Other,Asphalt roads,Wet or damp,Daylight,Raining,Vehicle with vehicle collision,3,8,Going straight,na,na,na,Driver,Normal,Not a Pedestrian,Overtaking,Slight Injury
10:30:00,Sunday,Over 51,Male,Junior high school,Employee,Below 1yr,Public (12 seats),Owner,2-5yrs,No defect,Other,Undivided Two way,Tangent road with flat terrain,+,Asphalt roads,Dry,Daylight,Normal,Collision with pedestrians,1,1,Going straight,Driver or rider,Female,18-30,Driver,Normal,Crossing from nearside - masked by parked or statioNot a Pedestrianry vehicle ,Overtaking,Serious Injury
13:00:00,Sunday,Over 51,Male,,Unknown,,Public (12 seats),Owner,2-5yrs,,Hospital areas,Other,Tangent road with flat terrain,+,Asphalt roads,Dry,Daylight,Normal,Collision with pedestrians,1,1,Going straight,na,na,na,Driver,Normal,Crossing from nearside - masked by parked or statioNot a Pedestrianry vehicle ,Driving at high speed,Serious Injury
15:30:00,Friday,Over 51,Male,High school,Employee,Below 1yr,Automobile,Owner,5-10yrs,7,Residential areas,Other,Tangent road with flat terrain,+,Asphalt roads,Dry,Daylight,Normal,Collision with pedestrians,1,1,Going straight,Driver or rider,Female,18-30,Employee,Normal,Crossing from nearside - masked by parked or statioNot a Pedestrianry vehicle ,Driving carelessly,Serious Injury
11:00:00,Wednesday,31-50,Male,High school,Employee,Below 1yr,Pick up upto 10Q,Owner,Above 10yr,,Industrial areas,Other,Tangent road with flat terrain,+,Asphalt roads,Wet or damp,Daylight,Raining,Collision with pedestrians,1,1,Going straight,na,na,na,,Normal,Crossing from nearside - masked by parked or statioNot a Pedestrianry vehicle ,Overtaking,Serious Injury
10:30:00,Sunday,31-50,Male,,Unknown,,Public (12 seats),Owner,5-10yrs,5,Hospital areas,Other,Tangent road with flat terrain,+,Asphalt roads,Wet or damp,Daylight,Raining,Collision with pedestrians,1,1,Going straight,Driver or rider,Female,31-50,Driver,Normal,Crossing from nearside - masked by parked or statioNot a Pedestrianry vehicle ,Overtaking,Serious Injury
13:00:00,Monday,18-30,Male,High school,Employee,2-5yr,Automobile,Owner,5-10yrs,No defect,School areas,Undivided Two way,Tangent road with flat terrain,+,Asphalt roads,Wet or damp,Daylight,Raining,Collision with pedestrians,1,1,Going straight,Driver or rider,Male,18-30,,,"Walking along in carriageway, facing traffic",Driving to the left,Slight Injury
7:20:00,Monday,18-30,Male,Junior high school,Employee,Above 10yr,Public (12 seats),Owner,Unknown,No defect,Industrial areas,Two-way (divided with broken lines road marking),Tangent road with flat terrain,Other,Asphalt roads,Wet or damp,Daylight,Raining,Collision with pedestrians,1,1,Going straight,Pedestrian,Male,Under 18,Self-employed,Normal,"Walking along in carriageway, facing traffic",Overtaking,Slight Injury
1:30:00,Sunday,18-30,Male,Junior high school,Employee,Above 10yr,Public (13?45 seats),Governmental,,No defect,Residential areas,Two-way (divided with broken lines road marking),Tangent road with flat terrain,+,Gravel roads,Wet or damp,Daylight,Raining,Collision with pedestrians,1,1,Going straight,Driver or rider,Male,Under 18,,,"Walking along in carriageway, facing traffic",Driving under the influence of drugs ,Slight Injury
20:30:00,Thursday,31-50,Male,Junior high school,Employee,5-10yr,Lorry (11?40Q),Owner,2-5yrs,,Hospital areas,Undivided Two way,Tangent road with flat terrain,+,Asphalt roads,Wet or damp,Daylight,Raining,Collision with pedestrians,1,1,Going straight,na,na,na,Self-employed,Normal,"Walking along in carriageway, facing traffic",Driving to the left,Slight Injury
8:18:00,Tuesday,31-50,Male,Junior high school,Employee,1-2yr,Stationwagen,Owner,2-5yrs,,Industrial areas,Undivided Two way,Tangent road with flat terrain,+,Asphalt roads,Wet or damp,Daylight,Raining,Collision with pedestrians,1,1,Going straight,na,na,na,,,"Walking along in carriageway, facing traffic",Driving under the influence of drugs ,Slight Injury
18:00:00,Saturday,31-50,Male,Unknown,Employee,Below 1yr,Ridden horse,Owner,Unknown,No defect,Residential areas,Two-way (divided with broken lines road marking),Tangent road with flat terrain,+,Asphalt roads,Dry,Daylight,Normal,Collision with roadside objects,2,2,Going straight,Driver or rider,Female,18-30,Self-employed,Normal,"Walking along in carriageway, facing traffic",No priority to vehicle ,Slight Injury
20:20:00,Saturday,18-30,Male,Junior high school,Employee,Below 1yr,Stationwagen,Owner,5-10yrs,,Other,Two-way (divided with broken lines road marking),Tangent road with flat terrain,+,Asphalt roads,Dry,Darkness - lights lit,Cloudy,Collision with pedestrians,1,1,Going straight,na,na,na,,,Crossing from driver's nearside,Driving under the influence of drugs ,Slight Injury
11:10:00,Tuesday,18-30,Male,High school,Employee,2-5yr,Automobile,Owner,Below 1yr,,Hospital areas,Undivided Two way,Tangent road with flat terrain,+,Asphalt roads,Dry,Daylight,Cloudy,Collision with pedestrians,1,1,Going straight,Driver or rider,Male,18-30,,,Crossing from driver's nearside,Overtaking,Slight Injury
22:50:00,Thursday,18-30,Male,Junior high school,Owner,1-2yr,Automobile,Owner,5-10yrs,,Market areas,Two-way (divided with broken lines road marking),Tangent road with flat terrain,+,Asphalt roads,Dry,Daylight,Normal,Collision with pedestrians,1,1,Going straight,Driver or rider,Female,Over 51,Self-employed,Normal,Crossing from driver's nearside,No priority to vehicle ,Serious Injury
12:40:00,Friday,31-50,Male,Junior high school,Employee,5-10yr,Other,Governmental,5-10yrs,No defect,Residential areas,Undivided Two way,Tangent road with flat terrain,+,Asphalt roads,Dry,Daylight,Cloudy,Collision with roadside objects,2,2,Going straight,na,na,na,Employee,Normal,Not a Pedestrian,Driving under the influence of drugs ,Slight Injury
8:30:00,Saturday,Over 51,Male,Elementary school,Employee,2-5yr,Taxi,Owner,2-5yrs,No defect,Residential areas,Double carriageway (median),Tangent road with flat terrain,+,Asphalt roads,Dry,Daylight,Normal,Collision with roadside objects,2,2,Going straight,Driver or rider,Male,31-50,Other,Normal,Not a Pedestrian,Overtaking,Slight Injury
11:40:00,Tuesday,31-50,Male,Elementary school,Owner,5-10yr,Automobile,Owner,2-5yrs,No defect,School areas,Two-way (divided with broken lines road marking),Tangent road with flat terrain,+,Asphalt roads,Dry,Daylight,Cloudy,Collision with pedestrians,1,1,Going straight,Driver or rider,Male,31-50,Employee,Normal,Crossing from driver's nearside,Driving under the influence of drugs ,Slight Injury
15:30:00,Wednesday,31-50,Male,Junior high school,Employee,Above 10yr,Stationwagen,Owner,2-5yrs,,Market areas,Two-way (divided with broken lines road marking),Tangent road with flat terrain,Y,Asphalt roads,Dry,Daylight,Normal,Collision with pedestrians,1,1,Going straight,na,na,na,,,Crossing from driver's nearside,Overtaking,Slight Injury
10:00:00,Tuesday,18-30,Female,Junior high school,Employee,5-10yr,Automobile,Owner,5-10yrs,,Residential areas,Undivided Two way,Tangent road with flat terrain,T,Asphalt roads,Dry,Daylight,Normal,Collision with pedestrians,1,1,Going straight,Passenger,Female,18-30,Employee,Normal,"Walking along in carriageway, facing traffic",Changing lane to the right,Slight Injury
8:00:00,Friday,18-30,Male,High school,Employee,5-10yr,Public (12 seats),Organization,2-5yrs,,Church areas,Two-way (divided with broken lines road marking),Tangent road with flat terrain,+,Asphalt roads,Dry,Daylight,Normal,Collision with pedestrians,1,1,Going straight,Driver or rider,Male,31-50,,,"Walking along in carriageway, facing traffic",Driving at high speed,Slight Injury
19:10:00,Wednesday,31-50,Male,Junior high school,Employee,5-10yr,Automobile,Owner,5-10yrs,No defect,School areas,Double carriageway (median),Tangent road with flat terrain,T,Asphalt roads,Dry,Darkness - lights lit,Normal,Collision with pedestrians,1,1,Going straight,na,na,na,Employee,Normal,"Walking along in carriageway, facing traffic",Driving at high speed,Slight Injury
16:00:00,Thursday,18-30,Female,Junior high school,Employee,Above 10yr,Automobile,Governmental,Above 10yr,No defect,Hospital areas,Two-way (divided with broken lines road marking),Tangent road with flat terrain,+,Asphalt roads,Dry,Daylight,Normal,Collision with pedestrians,1,1,Going straight,na,na,na,Employee,Normal,"Walking along in carriageway, facing traffic",Driving to the left,Slight Injury
19:20:00,Thursday,Over 51,Male,Junior high school,,1-2yr,Lorry (41?100Q),Owner,2-5yrs,No defect,Hospital areas,Two-way (divided with broken lines road marking),Tangent road with flat terrain,+,Gravel roads,Dry,Daylight,Normal,Collision with pedestrians,1,1,Going straight,Driver or rider,Male,18-30,Employee,Normal,"Walking along in carriageway, facing traffic",Driving to the left,Serious Injury
17:40:00,Friday,18-30,Male,Junior high school,Employee,2-5yr,Automobile,Owner,1-2yr,No defect,Market areas,Unknown,Tangent road with flat terrain,+,Asphalt roads,Dry,Daylight,Normal,Collision with pedestrians,1,1,Going straight,na,na,na,Driver,Normal,"Walking along in carriageway, facing traffic",Driving to the left,Slight Injury
7:00:00,Wednesday,31-50,Male,Junior high school,Employee,1-2yr,Public (> 45 seats),Owner,1-2yr,No defect,Residential areas,Double carriageway (median),Tangent road with flat terrain,+,Asphalt roads,Dry,Daylight,Normal,Collision with pedestrians,1,1,Going straight,na,na,na,Driver,Normal,"Walking along in carriageway, facing traffic",Driving at high speed,Slight Injury
15:00:00,Friday,31-50,Male,,,,Automobile,Owner,1-2yr,No defect,Market areas,Two-way (divided with broken lines road marking),Tangent road with flat terrain,+,Asphalt roads,Dry,Daylight,Normal,Collision with pedestrians,1,1,Going straight,Driver or rider,Male,Under 18,Student,Normal,Unknown or other ,No priority to pedestrian,Slight Injury
11:00:00,Thursday,31-50,Male,Elementary school,Employee,5-10yr,Public (12 seats),Organization,Above 10yr,,Hospital areas,Two-way (divided with broken lines road marking),Tangent road with flat terrain,O,Asphalt roads,Dry,Daylight,Normal,Collision with pedestrians,1,1,Going straight,na,na,na,Driver,Normal,Unknown or other ,Driving carelessly,Slight Injury
9:00:00,Monday,Unknown,Female,Junior high school,Employee,5-10yr,Public (12 seats),Owner,Unknown,,Residential areas,One way,Tangent road with flat terrain,+,Earth roads,Dry,Daylight,Normal,Collision with pedestrians,1,1,Going straight,Passenger,Female,Over 51,Self-employed,Normal,Crossing from driver's nearside,Driving at high speed,Slight Injury
21:00:00,Sunday,31-50,Male,Junior high school,Employee,Above 10yr,Automobile,Owner,2-5yrs,No defect,Church areas,Undivided Two way,Tangent road with flat terrain,+,Asphalt roads,Dry,Daylight,Normal,Collision with pedestrians,1,1,Going straight,Passenger,Female,31-50,,,Crossing from driver's nearside,Driving carelessly,Slight Injury
18:30:00,Thursday,31-50,Female,Junior high school,Employee,2-5yr,Automobile,Organization,5-10yrs,No defect,Hospital areas,Undivided Two way,Tangent road with flat terrain,+,Asphalt roads,Dry,Daylight,Normal,Collision with pedestrians,1,1,Going straight,Passenger,Female,31-50,,,Crossing from driver's nearside,Driving carelessly,Slight Injury
8:30:00,Monday,18-30,Male,Junior high school,Owner,Above 10yr,Automobile,Owner,Above 10yr,No defect,School areas,Other,Tangent road with flat terrain,+,Asphalt roads,Dry,Daylight,Normal,Collision with pedestrians,1,1,Unknown,Driver or rider,Male,18-30,Driver,Normal,Crossing from driver's nearside,Driving to the left,Slight Injury
19:30:00,Tuesday,18-30,Male,Junior high school,Employee,2-5yr,Lorry (41?100Q),Owner,2-5yrs,No defect,School areas,Two-way (divided with broken lines road marking),Tangent road with flat terrain,O,Gravel roads,Dry,Daylight,Normal,Collision with pedestrians,1,1,Going straight,na,na,na,Driver,Normal,Unknown or other ,Driving carelessly,Slight Injury
15:00:00,Monday,31-50,Male,Elementary school,Other,5-10yr,Public (12 seats),Owner,1-2yr,,Market areas,Undivided Two way,Tangent road with flat terrain,+,Asphalt roads,Dry,Daylight,Normal,Collision with pedestrians,1,1,Going straight,Driver or rider,Male,18-30,Driver,Normal,Unknown or other ,Driving to the left,Slight Injury
16:30:00,Tuesday,18-30,Male,Elementary school,Employee,5-10yr,Lorry (11?40Q),Owner,1-2yr,,Residential areas,Two-way (divided with broken lines road marking),Tangent road with flat terrain,+,Asphalt roads,Dry,Daylight,Normal,Collision with pedestrians,1,1,Reversing,Passenger,Male,18-30,Driver,Normal,Unknown or other ,Driving at high speed,Slight Injury
18:00:00,Sunday,31-50,Male,Junior high school,Unknown,5-10yr,Automobile,Owner,1-2yr,No defect,Hospital areas,Double carriageway (median),Tangent road with flat terrain,+,Asphalt roads,Dry,Daylight,Normal,Collision with pedestrians,1,1,Going straight,na,na,na,,,"Walking along in carriageway, facing traffic",Driving at high speed,Slight Injury
6:15:00,Thursday,31-50,Male,Junior high school,Employee,5-10yr,Automobile,Owner,1-2yr,No defect,Market areas,Undivided Two way,Tangent road with flat terrain,+,Earth roads,Dry,Daylight,Normal,Collision with pedestrians,1,1,Going straight,Driver or rider,Male,18-30,Driver,Normal,"Walking along in carriageway, facing traffic",Driving at high speed,Slight Injury
11:00:00,Saturday,31-50,Male,Elementary school,Employee,Above 10yr,Automobile,Owner,5-10yrs,No defect,Residential areas,Undivided Two way,Tangent road with flat terrain,+,Asphalt roads,Dry,Daylight,Normal,Collision with pedestrians,1,1,Going straight,Driver or rider,Male,Over 51,Self-employed,Normal,"Walking along in carriageway, facing traffic",Driving under the influence of drugs ,Slight Injury
20:45:00,Tuesday,31-50,Male,Junior high school,,Below 1yr,Bajaj,Owner,Unknown,,School areas,Two-way (divided with broken lines road marking),Tangent road with flat terrain,+,Asphalt roads,Dry,Darkness - lights lit,Normal,Collision with pedestrians,1,1,Going straight,na,na,na,,,"Walking along in carriageway, facing traffic",Driving to the left,Slight Injury
22:30:00,Wednesday,31-50,Male,Junior high school,Employee,5-10yr,Public (12 seats),Owner,2-5yrs,,Church areas,Double carriageway (median),Tangent road with flat terrain,+,Asphalt roads,Dry,Daylight,Normal,Collision with pedestrians,1,1,Going straight,Driver or rider,Female,31-50,Self-employed,Normal,"Walking along in carriageway, facing traffic",Overtaking,Slight Injury
15:30:00,Thursday,Over 51,Male,Elementary school,Employee,1-2yr,Lorry (11?40Q),Owner,5-10yrs,,School areas,Undivided Two way,Tangent road with flat terrain,X,Asphalt roads,Dry,Daylight,Normal,Collision with pedestrians,1,1,Turnover,Pedestrian,Male,31-50,Driver,Normal,"Walking along in carriageway, facing traffic",Driving to the left,Slight Injury
15:00:00,Saturday,Over 51,Female,,Unknown,,Automobile,,5-10yrs,,Hospital areas,Other,Tangent road with flat terrain,+,Asphalt roads,Dry,Daylight,Normal,Collision with pedestrians,1,1,Going straight,na,na,na,,Normal,"Walking along in carriageway, facing traffic",Driving under the influence of drugs ,Slight Injury
10:30:00,Tuesday,31-50,Male,Junior high school,Employee,Above 10yr,Public (12 seats),Owner,5-10yrs,No defect,School areas,Two-way (divided with broken lines road marking),Tangent road with flat terrain,+,Earth roads,Dry,Daylight,Normal,Collision with roadside objects,2,2,Going straight,Driver or rider,Female,18-30,Self-employed,,Crossing from driver's nearside,Driving to the left,Slight Injury
7:30:00,Wednesday,Under 18,Male,High school,Owner,2-5yr,Automobile,Owner,5-10yrs,No defect,Church areas,Undivided Two way,Tangent road with flat terrain,X,Asphalt roads,Dry,Daylight,Normal,Collision with pedestrians,2,2,Going straight,na,na,na,,Normal,Crossing from driver's nearside,Driving at high speed,Slight Injury
15:30:00,Thursday,31-50,Male,Junior high school,Employee,1-2yr,Lorry (11?40Q),Owner,Unknown,No defect,Residential areas,Undivided Two way,Tangent road with flat terrain,+,Asphalt roads,Dry,Daylight,Normal,Collision with pedestrians,2,2,Going straight,Driver or rider,Female,31-50,Other,Normal,Crossing from driver's nearside,Driving under the influence of drugs ,Slight Injury
20:10:00,Monday,31-50,Male,Junior high school,Employee,1-2yr,Lorry (41?100Q),Owner,1-2yr,No defect,Hospital areas,Double carriageway (median),Tangent road with flat terrain,+,Asphalt roads,Dry,Daylight,Normal,Collision with pedestrians,1,1,Going straight,Driver or rider,Male,18-30,Driver,,"Walking along in carriageway, back to traffic",Driving under the influence of drugs ,Slight Injury
8:00:00,Tuesday,Over 51,Male,Above high school,Owner,2-5yr,Pick up upto 10Q,Owner,Unknown,No defect,School areas,Undivided Two way,Tangent road with flat terrain,+,Asphalt roads,Dry,Daylight,Normal,Collision with pedestrians,1,1,Going straight,na,na,na,,,Crossing from driver's nearside,No priority to pedestrian,Slight Injury
6:20:00,Wednesday,Over 51,Male,,Unknown,,Lorry (11?40Q),Owner,2-5yrs,,Church areas,Undivided Two way,Tangent road with flat terrain,X,Asphalt roads,Dry,Daylight,Normal,Collision with pedestrians,1,1,Turnover,Pedestrian,Female,Under 18,Driver,Normal,"Walking along in carriageway, back to traffic",Driving at high speed,Serious Injury
15:30:00,Friday,Over 51,Female,Elementary school,Owner,2-5yr,Stationwagen,Owner,1-2yr,No defect,Residential areas,Other,Tangent road with flat terrain,+,Asphalt roads,Dry,Daylight,Normal,Collision with pedestrians,1,1,Going straight,Driver or rider,Female,18-30,Driver,,Crossing from driver's nearside,Overtaking,Serious Injury
10:00:00,Saturday,Over 51,Male,Junior high school,Employee,1-2yr,Other,Owner,2-5yrs,,Church areas,Two-way (divided with broken lines road marking),Tangent road with flat terrain,+,Asphalt roads,Dry,Daylight,Normal,Collision with pedestrians,1,1,Going straight,na,na,na,,Normal,"Walking along in carriageway, back to traffic",Driving under the influence of drugs ,Slight Injury
10:50:00,Sunday,31-50,Male,,Owner,5-10yr,Other,Owner,5-10yrs,,Hospital areas,Two-way (divided with broken lines road marking),Tangent road with flat terrain,X,Asphalt roads,Dry,Daylight,Normal,Collision with pedestrians,1,1,Reversing,na,na,na,,Normal,Crossing from driver's nearside,Driving to the left,Slight Injury
15:20:00,Wednesday,18-30,Female,Junior high school,Employee,Below 1yr,Lorry (11?40Q),Owner,5-10yrs,,School areas,Undivided Two way,Tangent road with flat terrain,Other,Asphalt roads,Dry,Daylight,Normal,Collision with pedestrians,1,1,Going straight,Driver or rider,Female,31-50,Driver,Normal,"Walking along in carriageway, facing traffic",Driving at high speed,Slight Injury
10:30:00,Thursday,18-30,Male,Junior high school,Employee,2-5yr,Lorry (11?40Q),Owner,2-5yrs,,Church areas,Double carriageway (median),Tangent road with flat terrain,Other,Asphalt roads,Dry,Daylight,Normal,Collision with pedestrians,1,1,Going straight,na,na,na,Driver,Normal,"Walking along in carriageway, facing traffic",Driving to the left,Slight Injury
10:50:00,Friday,31-50,Male,Junior high school,Employee,5-10yr,Automobile,Owner,2-5yrs,No defect,School areas,Double carriageway (median),Tangent road with flat terrain,+,Asphalt roads,Dry,Daylight,Normal,Collision with pedestrians,1,1,Reversing,Driver or rider,Male,18-30,Self-employed,Normal,"Walking along in carriageway, facing traffic",Driving at high speed,Slight Injury
20:00:00,Monday,31-50,Male,Junior high school,Employee,Above 10yr,Lorry (41?100Q),,2-5yrs,No defect,Hospital areas,Two-way (divided with broken lines road marking),Tangent road with mild grade and flat terrain,Other,Earth roads,Dry,Darkness - lights lit,Normal,Collision with pedestrians,1,1,Going straight,Driver or rider,Male,31-50,Self-employed,Normal,"Walking along in carriageway, facing traffic",Driving to the left,Serious Injury
3:00:00,Friday,18-30,Male,Elementary school,Employee,2-5yr,Other,Owner,Unknown,No defect,School areas,Two-way (divided with broken lines road marking),Tangent road with flat terrain,+,Asphalt roads,Dry,Daylight,Normal,Collision with roadside objects,1,1,Moving Backward,na,na,na,Driver,Normal,Crossing from driver's nearside,Driving to the left,Slight Injury
7:35:00,Friday,18-30,Male,Elementary school,Owner,Above 10yr,Lorry (41?100Q),Owner,Above 10yr,No defect,Church areas,Two-way (divided with broken lines road marking),Tangent road with flat terrain,X,Asphalt roads,Dry,Daylight,Normal,Collision with pedestrians,1,1,Moving Backward,na,na,na,Driver,Normal,"Walking along in carriageway, back to traffic",Driving to the left,Slight Injury
12:30:00,Saturday,Over 51,Male,Junior high school,Employee,1-2yr,Automobile,Owner,Unknown,,Hospital areas,Two-way (divided with broken lines road marking),Tangent road with flat terrain,+,Asphalt roads,Dry,Daylight,Normal,Collision with pedestrians,1,1,Going straight,Driver or rider,Male,18-30,,,"Walking along in carriageway, back to traffic",Driving to the left,Slight Injury
7:35:00,Saturday,Over 51,Male,Junior high school,Employee,5-10yr,Pick up upto 10Q,Governmental,Unknown,No defect,Market areas,Double carriageway (median),Tangent road with flat terrain,X,Asphalt roads,Dry,Daylight,Normal,Collision with pedestrians,1,1,Going straight,na,na,na,Driver,Normal,"Walking along in carriageway, back to traffic",Driving at high speed,Slight Injury
18:20:00,Wednesday,18-30,Male,Junior high school,Employee,2-5yr,Lorry (41?100Q),Owner,2-5yrs,No defect,Residential areas,Double carriageway (median),Tangent road with flat terrain,Other,Other,Dry,Daylight,Normal,Collision with roadside objects,1,1,Going straight,na,na,na,Driver,Normal,"Walking along in carriageway, back to traffic",Driving carelessly,Slight Injury
7:50:00,Tuesday,18-30,Male,Junior high school,Employee,2-5yr,Public (13?45 seats),Owner,5-10yrs,No defect,Hospital areas,Two-way (divided with broken lines road marking),Tangent road with flat terrain,X,Gravel roads,Dry,Daylight,Normal,Collision with pedestrians,1,1,Going straight,na,na,na,Driver,Normal,"Walking along in carriageway, back to traffic",Driving to the left,Slight Injury