Time,Day_of_week,Age_band_of_driver,Drivers_gender,Educational_level,Vehicle_driver_relation,Driving_experience,Type_of_vehicle,Owner_of_vehicle,Service_year_of_vehicle,Defect_of_vehicle,Area_accident_occured,Lanes_or_Medians,Road_allignment,Types_of_Junction,Road_surface_type,Road_surface_conditions,Light_conditions,Weather_conditions,Type_of_collision,Number_of_vehicles_involved,Number_of_casualties,Vehicle_movement,Casualty_class,Casualty_gender,Age_band_of_casualty,Work_of_casuality,Fitness_of_casuality,Pedestrian_movement,Cause_of_accident,Accident_severity
8:30:00,Wednesday,31-50,Male,Junior high school,Employee,2-5yr,Long lorry,Owner,5-10yrs,No defect,Market areas,Two-way (divided with broken lines road marking),Tangent road with flat terrain,Y,Gravel roads,Dry,Daylight,Normal,Collision with pedestrians,1,1,Going straight,Driver or rider,Female,18-30,,Normal,"Walking along in carriageway, back to traffic",Driving to the left,Slight Injury
9:00:00,Saturday,18-30,Female,Junior high school,Employee,2-5yr,Automobile,Owner,2-5yrs,,Church areas,Two-way (divided with broken lines road marking),Tangent road with flat terrain,Other,Asphalt roads,Dry,Daylight,Normal,Collision with pedestrians,1,1,Going straight,Driver or rider,Male,31-50,,,Crossing from driver's nearside,Driving to the left,Slight Injury
15:30:00,Wednesday,Over 51,Male,Junior high school,Employee,Above 10yr,Automobile,Owner,5-10yrs,,Market areas,Other,Tangent road with flat terrain,Other,Asphalt roads,Dry,Daylight,Normal,Collision with pedestrians,1,1,Going straight,Driver or rider,Female,Over 51,Driver,Normal,Crossing from driver's nearside,Driving at high speed,Slight Injury
9:20:00,Friday,18-30,Male,Junior high school,Employee,Above 10yr,Other,Owner,5-10yrs,,Residential areas,Two-way (divided with broken lines road marking),Tangent road with flat terrain,No junction,Earth roads,Dry,Daylight,Normal,Collision with pedestrians,1,1,Going straight,Driver or rider,Female,31-50,Driver,Normal,"Walking along in carriageway, facing traffic",Overtaking,Serious Injury
19:20:00,Saturday,31-50,Male,Elementary school,Employee,5-10yr,Lorry (11?40Q),Owner,2-5yrs,,Hospital areas,Two-way (divided with broken lines road marking),Tangent road with flat terrain,No junction,Asphalt roads,Dry,Daylight,Normal,Collision with pedestrians,1,1,Going straight,na,na,na,Self-employed,Normal,"Walking along in carriageway, facing traffic",No priority to pedestrian,Serious Injury
12:30:00,Sunday,18-30,Male,,Employee,,Long lorry,Owner,5-10yrs,,Market areas,Two-way (divided with broken lines road marking),Tangent road with flat terrain,No junction,Asphalt roads,Dry,Daylight,Normal,Collision with pedestrians,1,1,Going straight,na,na,na,Driver,Normal,"Walking along in carriageway, facing traffic",Driving carelessly,Slight Injury
12:00:00,Thursday,18-30,Male,,Employee,2-5yr,Public (12 seats),Owner,2-5yrs,,Church areas,Two-way (divided with broken lines road marking),Tangent road with flat terrain,No junction,Asphalt roads,Dry,Daylight,Normal,Collision with pedestrians,1,1,Going straight,Driver or rider,Male,31-50,Driver,Normal,"Walking along in carriageway, facing traffic",Driving to the left,Slight Injury
10:00:00,Thursday,18-30,Male,Elementary school,Employee,5-10yr,Public (12 seats),Owner,2-5yrs,,School areas,,Tangent road with flat terrain,No junction,Asphalt roads,Dry,Daylight,Normal,Collision with pedestrians,1,1,Parked,Driver or rider,Male,18-30,Driver,Normal,"Walking along in carriageway, facing traffic",Driving to the left,Slight Injury
20:20:00,Friday,Over 51,Male,Junior high school,Employee,5-10yr,Other,Governmental,2-5yrs,,Hospital areas,Two-way (divided with broken lines road marking),Tangent road with flat terrain,No junction,Earth roads,Dry,Darkness - lights lit,Normal,Collision with pedestrians,1,1,Going straight,na,na,na,,,"Walking along in carriageway, facing traffic",Driving under the influence of drugs ,Slight Injury
17:30:00,Monday,31-50,Female,Junior high school,Employee,Above 10yr,Other,Owner,Below 1yr,,School areas,Undivided Two way,Tangent road with flat terrain,No junction,Asphalt roads,Dry,Daylight,Normal,Collision with pedestrians,1,1,Going straight,Driver or rider,Male,18-30,Driver,Normal,"Walking along in carriageway, back to traffic",Driving at high speed,Slight Injury
2:30:00,Tuesday,Under 18,Male,Junior high school,Employee,5-10yr,Other,,2-5yrs,,Church areas,Undivided Two way,Tangent road with flat terrain,No junction,Asphalt roads,Dry,Daylight,Normal,Collision with pedestrians,1,1,Going straight,na,na,na,Driver,Normal,"Walking along in carriageway, back to traffic",Driving to the left,Slight Injury
16:00:00,Thursday,Under 18,Male,Junior high school,Employee,Above 10yr,Public (12 seats),Owner,Unknown,,School areas,One way,Tangent road with flat terrain,No junction,Asphalt roads,Dry,Daylight,Normal,Collision with pedestrians,1,1,Going straight,Driver or rider,Male,31-50,Self-employed,Normal,"Walking along in carriageway, back to traffic",Driving to the left,Slight Injury
15:10:00,Saturday,Under 18,Male,Elementary school,Employee,Below 1yr,Lorry (41?100Q),Owner,Unknown,No defect,Residential areas,Two-way (divided with broken lines road marking),Tangent road with flat terrain,No junction,Asphalt roads,Dry,Daylight,Normal,Collision with pedestrians,1,1,Going straight,na,na,na,,Normal,"Walking along in carriageway, back to traffic",Driving at high speed,Slight Injury
6:00:00,Tuesday,Under 18,Male,Elementary school,Employee,5-10yr,Other,Owner,Unknown,,Market areas,One way,Tangent road with flat terrain,No junction,Asphalt roads,Dry,Daylight,Normal,Collision with pedestrians,1,1,Going straight,na,na,na,,,"Walking along in carriageway, back to traffic",Overtaking,Slight Injury
12:30:00,Monday,Over 51,Male,Elementary school,Employee,1-2yr,Public (12 seats),Owner,Unknown,No defect,Hospital areas,Two-way (divided with broken lines road marking),Tangent road with flat terrain,No junction,Asphalt roads,Dry,Daylight,Normal,Collision with pedestrians,1,1,Turnover,na,na,na,Driver,Normal,"Walking along in carriageway, back to traffic",Driving under the influence of drugs ,Slight Injury
19:40:00,Thursday,31-50,Female,Elementary school,Employee,5-10yr,Other,Governmental,2-5yrs,No defect,Residential areas,Double carriageway (median),Tangent road with flat terrain,No junction,Asphalt roads,Dry,Daylight,Normal,Collision with pedestrians,1,1,Going straight,Driver or rider,Male,18-30,Driver,Normal,"Walking along in carriageway, back to traffic",Driving at high speed,Serious Injury
7:15:00,Monday,31-50,Male,Elementary school,Employee,5-10yr,Lorry (11?40Q),Owner,5-10yrs,No defect,Market areas,Unknown,Tangent road with flat terrain,No junction,Asphalt roads,Dry,Daylight,Normal,Collision with pedestrians,1,1,Going straight,na,na,na,Driver,Normal,Crossing from driver's nearside,No priority to pedestrian,Serious Injury
7:30:00,Tuesday,18-30,Male,Elementary school,Employee,2-5yr,Other,Owner,2-5yrs,,Residential areas,,Tangent road with flat terrain,No junction,Asphalt roads,Dry,Daylight,Normal,Collision with pedestrians,1,1,Unknown,na,na,na,,,Unknown or other ,Driving carelessly,Slight Injury
21:00:00,Sunday,31-50,Male,Elementary school,Employee,5-10yr,Other,Owner,Unknown,,Residential areas,Other,,No junction,Asphalt roads,Wet or damp,Darkness - lights lit,Raining,Collision with pedestrians,1,1,Moving Backward,Driver or rider,Female,18-30,Driver,Normal,Unknown or other ,Driving to the left,Slight Injury
12:38:00,Monday,31-50,Female,,Unknown,5-10yr,Other,Owner,Above 10yr,,School areas,,Tangent road with flat terrain,No junction,Earth roads,Dry,Daylight,Normal,Collision with pedestrians,1,1,Going straight,Passenger,Female,Under 18,Self-employed,Normal,Unknown or other ,Driving at high speed,Slight Injury
23:00:00,Thursday,18-30,Male,Junior high school,Employee,Above 10yr,Pick up upto 10Q,Owner,Unknown,No defect,Church areas,One way,Tangent road with flat terrain,No junction,Asphalt roads,Dry,Daylight,Normal,Collision with pedestrians,1,1,Moving Backward,Driver or rider,Male,18-30,Self-employed,Normal,"Walking along in carriageway, facing traffic",Driving at high speed,Slight Injury
12:00:00,Friday,Unknown,Female,Junior high school,Employee,Above 10yr,Automobile,Owner,Unknown,No defect,Market areas,Undivided Two way,Tangent road with flat terrain,No junction,Asphalt roads,Dry,Daylight,Normal,Collision with pedestrians,1,1,Turnover,na,na,na,,,"Walking along in carriageway, facing traffic",Driving at high speed,Slight Injury
21:00:00,Friday,18-30,Female,Elementary school,Employee,Below 1yr,Other,Owner,Unknown,No defect,Residential areas,Two-way (divided with broken lines road marking),Tangent road with flat terrain,No junction,Asphalt roads,Dry,Daylight,Normal,Collision with pedestrians,1,1,Going straight,na,na,na,,Normal,"Walking along in carriageway, facing traffic",Driving to the left,Slight Injury
7:00:00,Sunday,18-30,Male,Elementary school,Employee,5-10yr,Lorry (41?100Q),Owner,Unknown,,School areas,Two-way (divided with broken lines road marking),Tangent road with flat terrain,No junction,Asphalt roads,Dry,Daylight,Normal,Collision with pedestrians,1,1,Going straight,Driver or rider,Male,18-30,Driver,Normal,"Walking along in carriageway, facing traffic",No priority to pedestrian,Slight Injury
20:00:00,Monday,18-30,Male,Elementary school,Owner,5-10yr,Public (13?45 seats),Owner,Unknown,No defect,School areas,Two-way (divided with broken lines road marking),Tangent road with flat terrain,No junction,Earth roads,Wet or damp,Darkness - lights lit,Raining,Collision with pedestrians,1,1,Unknown,na,na,na,Driver,Normal,Crossing from driver's nearside,Driving carelessly,Slight Injury
20:00:00,Monday,31-50,Male,Elementary school,Employee,2-5yr,Automobile,Governmental,2-5yrs,,School areas,Two-way (divided with broken lines road marking),Tangent road with flat terrain,No junction,Asphalt roads,Wet or damp,Darkness - lights lit,Raining,Collision with pedestrians,1,1,Going straight,Driver or rider,Male,18-30,,,Crossing from driver's nearside,Driving at high speed,Slight Injury
19:00:00,Thursday,18-30,Male,Elementary school,Employee,Above 10yr,Pick up upto 10Q,Governmental,5-10yrs,,Church areas,Other,Tangent road with flat terrain,No junction,Asphalt roads,Wet or damp,Darkness - lights lit,Raining,Collision with pedestrians,1,1,Going straight,na,na,na,Driver,Normal,"Walking along in carriageway, back to traffic",Driving at high speed,Slight Injury
18:00:00,Friday,18-30,Male,Elementary school,Employee,2-5yr,Lorry (41?100Q),Owner,Unknown,,Hospital areas,Other,Tangent road with flat terrain,No junction,Asphalt roads,Wet or damp,Daylight,Raining,Collision with pedestrians,1,1,Going straight,Driver or rider,Female,Over 51,Self-employed,Normal,"Walking along in carriageway, back to traffic",Driving at high speed,Slight Injury
12:20:00,Friday,31-50,Male,Junior high school,Employee,Above 10yr,Public (12 seats),Owner,5-10yrs,,School areas,Two-way (divided with broken lines road marking),Tangent road with flat terrain,No junction,Asphalt roads,Wet or damp,Daylight,Raining,Collision with pedestrians,1,1,Going straight,na,na,na,Self-employed,Normal,"Walking along in carriageway, back to traffic",No priority to pedestrian,Serious Injury
8:10:00,Saturday,18-30,Male,Junior high school,Employee,Below 1yr,Other,Owner,5-10yrs,,School areas,Undivided Two way,Tangent road with flat terrain,No junction,Asphalt roads,Wet or damp,Daylight,Raining,Collision with pedestrians,1,1,Reversing,Driver or rider,Male,18-30,Self-employed,Normal,"Walking along in carriageway, back to traffic",Driving to the left,Slight Injury
8:00:00,Tuesday,18-30,Male,Junior high school,Employee,2-5yr,Lorry (41?100Q),Organization,Unknown,,Hospital areas,Other,Tangent road with flat terrain,No junction,Asphalt roads,Wet or damp,Daylight,Raining,Collision with pedestrians,1,1,Going straight,Passenger,Female,18-30,,,"Walking along in carriageway, back to traffic",Driving to the left,Slight Injury
21:00:00,Tuesday,Under 18,Female,Elementary school,Employee,5-10yr,Pick up upto 10Q,Governmental,2-5yrs,,School areas,Other,Tangent road with flat terrain,No junction,Asphalt roads,Wet or damp,Daylight,Raining,Collision with pedestrians,1,1,Going straight,Driver or rider,Female,Over 51,Self-employed,Normal,"Walking along in carriageway, back to traffic",Driving to the left,Slight Injury
1:40:00,Monday,Over 51,Male,Elementary school,Employee,5-10yr,Other,Owner,Unknown,No defect,Market areas,Undivided Two way,Tangent road with flat terrain,No junction,Asphalt roads,Wet or damp,Daylight,Raining,Fall from vehicles,2,2,Going straight,na,na,na,Self-employed,Normal,Crossing from driver's nearside,Driving under the influence of drugs ,Slight Injury
7:10:00,Monday,31-50,Male,Elementary school,Employee,1-2yr,Lorry (41?100Q),Owner,Above 10yr,,School areas,Other,Tangent road with flat terrain,No junction,Other,Wet or damp,Daylight,Raining,Collision with pedestrians,1,1,Turnover,Pedestrian,Male,Under 18,Driver,Deaf,Crossing from driver's nearside,Driving to the left,Slight Injury
20:30:00,Sunday,18-30,Male,Elementary school,Employee,,Ridden horse,,5-10yrs,,Hospital areas,Undivided Two way,Tangent road with flat terrain,No junction,Asphalt roads,Wet or damp,Daylight,Raining,Collision with pedestrians,1,1,Reversing,na,na,na,Driver,Normal,Crossing from driver's nearside,Driving at high speed,Slight Injury
21:30:00,Thursday,31-50,Male,Elementary school,Employee,1-2yr,Other,Owner,Unknown,,Market areas,Double carriageway (median),Tangent road with flat terrain,Other,Asphalt roads,Dry,Daylight,Normal,Vehicle with vehicle collision,1,1,Stopping,Driver or rider,Male,31-50,,,Not a Pedestrian,No distancing,Fatal injury
17:00:00,Saturday,18-30,Male,Junior high school,Employee,2-5yr,Automobile,Owner,,No defect,Office areas,Two-way (divided with broken lines road marking),Tangent road with flat terrain,T,Asphalt roads,Dry,Darkness - lights lit,Normal,Vehicle with vehicle collision,1,1,Going straight,Pedestrian,Female,Under 18,Driver,Normal,Not a Pedestrian,Changing lane to the left,Fatal injury
19:00:00,Wednesday,Over 51,Male,Junior high school,Employee,5-10yr,Other,Owner,5-10yrs,,Recreational areas,Undivided Two way,Tangent road with flat terrain,Other,Asphalt roads,Dry,Daylight,Normal,Collision with roadside objects,2,1,Overtaking,Pedestrian,Female,Over 51,Driver,Normal,Not a Pedestrian,Changing lane to the left,Fatal injury
10:00:00,Wednesday,Under 18,Male,,,,Lorry (41?100Q),Owner,,,Office areas,Undivided Two way,Tangent road with flat terrain,Other,Asphalt roads,Dry,Darkness - no lighting,Normal,Vehicle with vehicle collision,2,1,Going straight,Pedestrian,Female,Over 51,Driver,Normal,Crossing from nearside - masked by parked or statioNot a Pedestrianry vehicle,No priority to pedestrian,Fatal injury
15:00:00,Thursday,Over 51,Male,Elementary school,Owner,5-10yr,Pick up upto 10Q,Owner,,No defect,Market areas,Undivided Two way,Tangent road with flat terrain,Other,Asphalt roads,Dry,Daylight,Normal,Vehicle with vehicle collision,4,3,Reversing,Driver or rider,Male,Over 51,Driver,Normal,Not a Pedestrian,Changing lane to the left,Slight Injury
11:00:00,Saturday,31-50,Male,High school,Other,Above 10yr,Public (13?45 seats),Owner,,No defect,Residential areas,Undivided Two way,Tangent road with flat terrain,Other,Asphalt roads,Dry,Daylight,Normal,Vehicle with vehicle collision,4,3,Going straight,Passenger,Female,Over 51,Driver,Normal,Not a Pedestrian,Driving carelessly,Fatal injury
9:00:00,Monday,31-50,Male,Junior high school,Employee,Above 10yr,Automobile,Owner,,No defect,Recreational areas,Undivided Two way,Tangent road with flat terrain,No junction,Asphalt roads,Dry,Darkness - lights lit,Normal,Vehicle with vehicle collision,4,3,Going straight,na,na,na,Self-employed,Normal,Not a Pedestrian,Driving carelessly,Serious Injury
16:00:00,Thursday,31-50,Male,Junior high school,Employee,1-2yr,Pick up upto 10Q,Other,1-2yr,No defect,Market areas,Other,Tangent road with flat terrain,Other,Asphalt roads,Dry,Daylight,Normal,Collision with roadside objects,4,3,Unknown,na,na,na,,,Not a Pedestrian,No priority to pedestrian,Serious Injury
19:00:00,Sunday,Unknown,Female,High school,Owner,,Automobile,Owner,5-10yrs,No defect,Church areas,Other,Tangent road with flat terrain,Other,Asphalt roads,Dry,Daylight,Normal,Vehicle with vehicle collision,4,3,Going straight,Pedestrian,Male,Under 18,Self-employed,Normal,Crossing from nearside - masked by parked or statioNot a Pedestrianry vehicle,Getting off the vehicle improperly,Slight Injury
11:00:00,Thursday,Unknown,Female,Junior high school,Employee,2-5yr,Lorry (41?100Q),Owner,,No defect,Residential areas,Double carriageway (median),Tangent road with flat terrain,Other,Asphalt roads,Dry,Darkness - no lighting,Normal,Vehicle with vehicle collision,4,3,Moving Backward,Driver or rider,Male,18-30,Driver,Normal,Not a Pedestrian,No distancing,Fatal injury
19:00:00,Friday,Over 51,Male,Junior high school,Employee,5-10yr,Automobile,Owner,5-10yrs,,Market areas,,Tangent road with flat terrain,Other,Asphalt roads,Dry,Daylight,Normal,Vehicle with vehicle collision,3,1,Going straight,na,na,na,,,Not a Pedestrian,Changing lane to the left,Slight Injury
13:00:00,Friday,31-50,Male,Junior high school,Employee,2-5yr,Lorry (41?100Q),Owner,2-5yrs,,Market areas,One way,Tangent road with flat terrain,Other,Asphalt roads,Dry,Darkness - lights lit,Normal,Vehicle with vehicle collision,3,1,Moving Backward,na,na,na,,,Not a Pedestrian,No priority to vehicle,Fatal injury
16:00:00,Saturday,31-50,Male,Junior high school,Employee,Above 10yr,Lorry (41?100Q),Owner,,No defect,Recreational areas,One way,Tangent road with flat terrain,Other,Asphalt roads,Dry,Daylight,Normal,Vehicle with vehicle collision,3,1,Going straight,Passenger,Female,31-50,Driver,Normal,Not a Pedestrian,No distancing,Serious Injury
6:30:00,Wednesday,31-50,Male,Elementary school,Employee,5-10yr,Lorry (41?100Q),Owner,,No defect,Recreational areas,Undivided Two way,Tangent road with flat terrain,Other,Asphalt roads,Dry,Daylight,Normal,Vehicle with vehicle collision,1,1,Going straight,na,na,na,Driver,Normal,Not a Pedestrian,No priority to pedestrian,Slight Injury
6:40:00,Wednesday,Over 51,Male,Junior high school,Employee,5-10yr,Public (13?45 seats),Governmental,1-2yr,No defect,Market areas,One way,Tangent road with flat terrain,Other,Asphalt roads,Dry,Daylight,Normal,Vehicle with vehicle collision,1,1,Unknown,Driver or rider,Male,Under 18,Driver,Normal,Not a Pedestrian,No priority to pedestrian,Fatal injury
17:00:00,Wednesday,Over 51,Male,Above high school,Employee,1-2yr,Automobile,Governmental,1-2yr,No defect,Market areas,Other,Tangent road with flat terrain,Other,Asphalt roads,Dry,Daylight,Normal,Vehicle with vehicle collision,1,1,Going straight,na,na,na,Self-employed,Normal,Not a Pedestrian,No priority to vehicle,Slight Injury
22:00:00,Sunday,18-30,Male,Elementary school,Employee,Above 10yr,Other,Organization,1-2yr,No defect,Market areas,Other,Tangent road with flat terrain,No junction,Earth roads,Dry,Daylight,Normal,Vehicle with vehicle collision,3,1,Going straight,na,na,na,Driver,Normal,Not a Pedestrian,Driving carelessly,Fatal injury
11:15:00,Saturday,31-50,Male,Elementary school,Employee,5-10yr,Other,Owner,Unknown,No defect,Market areas,Undivided Two way,Tangent road with flat terrain,No junction,Asphalt roads,Dry,Darkness - no lighting,Normal,Vehicle with vehicle collision,3,1,Going straight,na,na,na,Self-employed,Normal,Not a Pedestrian,Changing lane to the right,Fatal injury
20:15:00,Monday,18-30,Male,Elementary school,Employee,2-5yr,Other,Owner,,,Residential areas,Double carriageway (median),Tangent road with flat terrain,Other,Asphalt roads,Dry,Daylight,Normal,Vehicle with vehicle collision,3,1,Turnover,Driver or rider,Male,Under 18,Driver,Normal,Not a Pedestrian,Changing lane to the left,Slight Injury
20:15:00,Monday,31-50,Male,Elementary school,Employee,2-5yr,Automobile,Owner,2-5yrs,,Other,Two-way (divided with broken lines road marking),Tangent road with flat terrain,Other,Asphalt roads,Dry,Darkness - no lighting,Normal,Collision with roadside objects,2,1,Going straight,na,na,na,Driver,Normal,Not a Pedestrian,Moving Backward,Fatal injury
19:40:00,Tuesday,18-30,Male,Junior high school,Employee,5-10yr,Other,Owner,,,Market areas,Undivided Two way,Tangent road with flat terrain,No junction,Asphalt roads,Dry,Darkness - no lighting,Normal,Collision with roadside objects,2,1,Going straight,na,na,na,,,Not a Pedestrian,Driving carelessly,Slight Injury
20:20:00,Tuesday,18-30,Male,Junior high school,Employee,1-2yr,Lorry (41?100Q),Owner,,No defect,Recreational areas,Double carriageway (median),Tangent road with flat terrain,No junction,Asphalt roads,Dry,Darkness - no lighting,Normal,Collision with roadside objects,2,1,Going straight,Driver or rider,Male,31-50,,,Not a Pedestrian,Driving to the left,Fatal injury
13:00:00,Wednesday,Under 18,Male,Junior high school,Employee,5-10yr,Public (12 seats),Owner,Above 10yr,No defect,Market areas,Two-way (divided with broken lines road marking),Tangent road with flat terrain,Other,Asphalt roads,Dry,Darkness - no lighting,Normal,Collision with pedestrians,2,1,Reversing,Pedestrian,Male,Under 18,Self-employed,Normal,Not a Pedestrian,Driving to the left,Slight Injury
11:30:00,Wednesday,31-50,Male,Junior high school,Employee,5-10yr,Lorry (41?100Q),Owner,,No defect,Market areas,Other,Tangent road with flat terrain,Other,Asphalt roads,Dry,Daylight,Normal,Vehicle with vehicle collision,1,1,Getting off,Driver or rider,Male,Under 18,Driver,Normal,Not a Pedestrian,No priority to pedestrian,Fatal injury
20:30:00,Thursday,18-30,Male,Above high school,Employee,5-10yr,Public (12 seats),Owner,,No defect,Other,Two-way (divided with broken lines road marking),Tangent road with flat terrain,Other,Gravel roads,Dry,Daylight,Normal,Vehicle with vehicle collision,2,1,Going straight,Passenger,Male,Under 18,Driver,Normal,Not a Pedestrian,Changing lane to the left,Slight Injury
11:30:00,Friday,18-30,Male,Junior high school,Employee,Above 10yr,Lorry (41?100Q),Owner,5-10yrs,,Market areas,One way,Tangent road with flat terrain,Other,Asphalt roads,Dry,Darkness - no lighting,Normal,Collision with pedestrians,2,1,Getting off,na,na,na,Self-employed,Normal,Not a Pedestrian,Changing lane to the right,Serious Injury
17:00:00,Thursday,Unknown,Female,Elementary school,Employee,2-5yr,Other,Owner,1-2yr,No defect,Market areas,One way,Tangent road with flat terrain,Other,Asphalt roads,Dry,Daylight,Normal,Vehicle with vehicle collision,2,1,Going straight,na,na,na,Driver,Normal,Not a Pedestrian,Driving carelessly,Serious Injury
22:30:00,Saturday,31-50,Male,Junior high school,Employee,5-10yr,Lorry (41?100Q),Owner,,,Recreational areas,Undivided Two way,Tangent road with flat terrain,Y,Asphalt roads,Dry,Darkness - lights lit,Normal,Vehicle with vehicle collision,2,1,Going straight,na,na,na,Driver,Normal,Not a Pedestrian,No distancing,Fatal injury
20:30:00,Saturday,Over 51,Male,,,,,,,,Market areas,Two-way (divided with broken lines road marking),Tangent road with flat terrain,Other,Other,Dry,Darkness - no lighting,Normal,Vehicle with vehicle collision,1,1,Going straight,Driver or rider,Female,31-50,,Normal,Not a Pedestrian,Getting off the vehicle improperly,Fatal injury
16:00:00,Sunday,31-50,Male,Junior high school,Employee,5-10yr,Public (> 45 seats),Governmental,Below 1yr,No defect,Residential areas,Other,Tangent road with flat terrain,Other,Asphalt roads,Dry,Darkness - no lighting,Normal,Vehicle with vehicle collision,2,1,Going straight,na,na,na,Driver,Normal,Not a Pedestrian,Driving under the influence of drugs,Slight Injury
10:50:00,Monday,18-30,Male,Junior high school,Employee,,Lorry (41?100Q),Owner,,No defect,Market areas,Two-way (divided with broken lines road marking),Tangent road with flat terrain,Other,Asphalt roads,Dry,Daylight,Normal,Vehicle with vehicle collision,2,1,Going straight,Driver or rider,Male,Over 51,Self-employed,Normal,Not a Pedestrian,Changing lane to the right,Fatal injury
11:40:00,Friday,18-30,Male,Junior high school,Employee,,Other,Owner,,,Church areas,Two-way (divided with broken lines road marking),Tangent road with flat terrain,No junction,Asphalt roads,Dry,Daylight,Normal,Vehicle with vehicle collision,1,1,Going straight,Pedestrian,Female,31-50,Self-employed,Normal,Not a Pedestrian,Driving carelessly,Slight Injury
10:00:00,Friday,18-30,Male,Junior high school,Employee,1-2yr,Other,Owner,Unknown,No defect,Market areas,Two-way (divided with broken lines road marking),Tangent road with flat terrain,Other,Asphalt roads,Dry,Daylight,Normal,Collision with roadside objects,2,2,Going straight,Pedestrian,Male,Over 51,,Normal,Not a Pedestrian,Moving Backward,Slight Injury
10:00:00,Tuesday,31-50,Male,Above high school,Owner,5-10yr,Automobile,Owner,Above 10yr,No defect,Office areas,One way,Tangent road with flat terrain,Other,Asphalt roads,Dry,Daylight,Normal,Collision with pedestrians,2,2,Going straight,Passenger,Female,Under 18,Self-employed,Normal,Not a Pedestrian,Turnover,Fatal injury
8:30:00,Saturday,Over 51,Male,Junior high school,Employee,2-5yr,Lorry (41?100Q),Owner,,No defect,Residential areas,Two-way (divided with broken lines road marking),Tangent road with flat terrain,No junction,Asphalt roads,Dry,Daylight,Normal,Vehicle with vehicle collision,2,1,Going straight,Driver or rider,Male,18-30,Driver,Normal,Not a Pedestrian,Changing lane to the right,Fatal injury
8:30:00,Wednesday,31-50,Male,Junior high school,Owner,5-10yr,Pick up upto 10Q,Owner,2-5yrs,,Office areas,Undivided Two way,Tangent road with flat terrain,Other,Asphalt roads,Dry,Daylight,Normal,Vehicle with vehicle collision,2,1,Moving Backward,Passenger,Male,18-30,Driver,Normal,Not a Pedestrian,Driving carelessly,Slight Injury
10:40:00,Wednesday,18-30,Male,High school,Employee,2-5yr,Automobile,Owner,,No defect,Office areas,Two-way (divided with broken lines road marking),Tangent road with flat terrain,Other,Asphalt roads,Dry,Daylight,Normal,Collision with roadside objects,1,1,Going straight,Passenger,Male,Under 18,,Normal,Not a Pedestrian,No priority to vehicle,Serious Injury
18:30:00,Wednesday,18-30,Male,Junior high school,Employee,Above 10yr,,Owner,,No defect,Residential areas,Two-way (divided with broken lines road marking),Tangent road with flat terrain,Other,Asphalt roads,Dry,Daylight,Normal,Vehicle with vehicle collision,2,1,Going straight,na,na,na,Driver,Normal,Not a Pedestrian,Moving Backward,Slight Injury
8:30:00,Friday,18-30,Male,Junior high school,Employee,Below 1yr,Other,Governmental,Unknown,,Market areas,Two-way (divided with broken lines road marking),Tangent road with flat terrain,Other,Asphalt roads,Dry,Daylight,Normal,Vehicle with vehicle collision,2,1,Going straight,Driver or rider,Male,31-50,Driver,Normal,Not a Pedestrian,Changing lane to the left,Fatal injury
14:00:00,Monday,31-50,Male,Junior high school,Employee,Below 1yr,Automobile,Owner,1-2yr,No defect,Market areas,Undivided Two way,Tangent road with flat terrain,Other,Asphalt roads,Dry,Daylight,Normal,Vehicle with vehicle collision,2,2,Going straight,na,na,na,Driver,Normal,Not a Pedestrian,Overturning,Serious Injury
19:40:00,Tuesday,Over 51,Male,,Owner,,Stationwagen,Owner,,No defect,Market areas,Undivided Two way,Tangent road with flat terrain,Other,Asphalt roads,Dry,Daylight,Normal,Vehicle with vehicle collision,2,2,Going straight,Driver or rider,Male,Under 18,Self-employed,Normal,Not a Pedestrian,No distancing,Slight Injury
18:30:00,Tuesday,Over 51,Male,Junior high school,Employee,2-5yr,Other,Owner,2-5yrs,No defect,Market areas,Undivided Two way,Tangent road with flat terrain,Other,Asphalt roads,Dry,Darkness - lights unlit,Normal,Vehicle with vehicle collision,2,1,Going straight,Passenger,Female,Over 51,Driver,Normal,Not a Pedestrian,Driving carelessly,Fatal injury
9:00:00,Wednesday,31-50,Male,,,,,,,,Market areas,Undivided Two way,Tangent road with flat terrain,Other,Asphalt roads,Dry,Daylight,Normal,Vehicle with vehicle collision,2,1,Going straight,na,na,na,Driver,Normal,Not a Pedestrian,No distancing,Serious Injury
11:00:00,Thursday,31-50,Male,Elementary school,Employee,No Licence,Ridden horse,Owner,Unknown,,Residential areas,,Tangent road with flat terrain,Other,Gravel roads,Dry,Daylight,Raining,Vehicle with vehicle collision,2,2,Going straight,na,na,na,,Normal,Not a Pedestrian,Changing lane to the left,Serious Injury