Time,Day_of_week,Age_band_of_driver,Drivers_gender,Educational_level,Vehicle_driver_relation,Driving_experience,Type_of_vehicle,Owner_of_vehicle,Service_year_of_vehicle,Defect_of_vehicle,Area_accident_occured,Lanes_or_Medians,Road_allignment,Types_of_Junction,Road_surface_type,Road_surface_conditions,Light_conditions,Weather_conditions,Type_of_collision,Number_of_vehicles_involved,Number_of_casualties,Vehicle_movement,Casualty_class,Casualty_gender,Age_band_of_casualty,Work_of_casuality,Fitness_of_casuality,Pedestrian_movement,Cause_of_accident,Accident_severity
7:15:00,Monday,Under 18,Male,Junior high school,Employee,Above 10yr,Public (12 seats),Owner,Unknown,No defect,Market areas,Double carriageway (median),Steep grade downward with mountainous terrain ,T,Asphalt roads,Dry,Daylight,Normal,Collision with pedestrians,2,1,Going straight,Pedestrian,Female,Under 18,Self-employed,Normal,Unknown or other,Changing lane to the left,Slight Injury
16:00:00,Wednesday,Over 51,Male,Junior high school,Employee,5-10yr,Automobile,Owner,2-5yrs,No defect,Market areas,Undivided Two way,Tangent road with flat terrain,T,Asphalt roads,Dry,Daylight,Normal,Vehicle with vehicle collision,2,1,Unknown,Pedestrian,Male,Under 18,Driver,Normal,Crossing from driver's nearside,No priority to vehicle,Fatal injury
11:30:00,Wednesday,Unknown,Male,High school,Employee,2-5yr,Automobile,Owner,Unknown,No defect,Office areas,One way,Tangent road with flat terrain,X,Asphalt roads,Dry,Darkness - lights lit,Normal,Vehicle with vehicle collision,2,1,Going straight,Passenger,Female,31-50,Employee,Normal,Not a Pedestrian,No priority to vehicle,Slight Injury
23:30:00,Thursday,31-50,Male,High school,Owner,2-5yr,Automobile,Owner,Unknown,No defect,School areas,Undivided Two way,Tangent road with flat terrain,Y,Asphalt roads,Dry,Daylight,Normal,Collision with roadside objects,2,1,Going straight,Pedestrian,Female,Under 18,,,Not a Pedestrian,No distancing,Slight Injury
23:00:00,Friday,18-30,Male,Junior high school,Employee,Below 1yr,Lorry (41?100Q),Owner,Unknown,No defect,Office areas,Two-way (divided with broken lines road marking),Tangent road with flat terrain,Y,Asphalt roads,Dry,Darkness - lights lit,Normal,Vehicle with vehicle collision,2,1,Going straight,na,na,na,Driver,Normal,Not a Pedestrian,Driving to the left,Slight Injury
11:30:00,Saturday,31-50,Male,Junior high school,Owner,Above 10yr,Automobile,Owner,5-10yrs,No defect,Market areas,Two-way (divided with broken lines road marking),Tangent road with flat terrain,O,Asphalt roads,Dry,Daylight,Normal,Vehicle with vehicle collision,1,1,Turnover,Driver or rider,Female,Over 51,Driver,Normal,Not a Pedestrian,Driving carelessly,Fatal injury
21:00:00,Wednesday,18-30,Male,Junior high school,Employee,Above 10yr,Automobile,Owner,Above 10yr,No defect,Office areas,Undivided Two way,Steep grade downward with mountainous terrain ,T,Asphalt roads,Dry,Daylight,Normal,Vehicle with vehicle collision,1,1,Going straight,Passenger,Female,18-30,Driver,Normal,Not a Pedestrian,Driving carelessly,Slight Injury
12:00:00,Thursday,31-50,Male,Elementary school,Employee,2-5yr,Public (12 seats),Owner,5-10yrs,No defect,Market areas,Double carriageway (median),Tangent road with flat terrain,X,Asphalt roads,Dry,Darkness - lights lit,Normal,Collision with pedestrians,1,1,Going straight,na,na,na,Self-employed,Normal,Not a Pedestrian,Changing lane to the right,Fatal injury
8:00:00,Sunday,31-50,Male,Junior high school,Employee,2-5yr,Taxi,Owner,2-5yrs,No defect,Market areas,Two-way (divided with broken lines road marking),Tangent road with flat terrain,T,Asphalt roads,Dry,Daylight,Normal,Collision with roadside objects,2,1,Going straight,Driver or rider,Male,18-30,,Normal,Not a Pedestrian,Driving carelessly,Serious Injury
20:20:00,Monday,31-50,Male,Unknown,Employee,Above 10yr,Automobile,Owner,2-5yrs,No defect,Market areas,Two-way (divided with broken lines road marking),Tangent road with mild grade and flat terrain,+,Asphalt roads,Dry,Daylight,Normal,Collision with pedestrians,2,1,Reversing,Passenger,Female,Over 51,Other,Normal,Not a Pedestrian,Changing lane to the left,Fatal injury
19:20:00,Monday,31-50,Male,Elementary school,Employee,5-10yr,Public (12 seats),Owner,Unknown,No defect,School areas,Two-way (divided with broken lines road marking),Tangent road with flat terrain,T,Asphalt roads,Dry,Darkness - lights lit,Normal,Vehicle with vehicle collision,1,1,Getting off,na,na,na,Driver,Normal,Not a Pedestrian,Driving carelessly,Fatal injury
8:40:00,Saturday,31-50,Male,Junior high school,Employee,Below 1yr,Stationwagen,Owner,Unknown,No defect,Office areas,Two-way (divided with broken lines road marking),Tangent road with flat terrain,X,Asphalt roads,Dry,Darkness - lights lit,Normal,Vehicle with vehicle collision,2,1,Going straight,Pedestrian,Male,Over 51,Driver,Normal,Not a Pedestrian,Driving carelessly,Fatal injury
19:30:00,Thursday,Unknown,Female,Elementary school,Employee,Below 1yr,Stationwagen,Owner,Unknown,No defect,Market areas,Two-way (divided with broken lines road marking),Tangent road with flat terrain,+,Asphalt roads,Dry,Daylight,Normal,Vehicle with vehicle collision,2,1,Getting off,Driver or rider,Male,18-30,Driver,Normal,Not a Pedestrian,Driving under the influence of drugs,Slight Injury
14:00:00,Thursday,31-50,Male,Junior high school,Employee,Below 1yr,Automobile,Organization,Above 10yr,No defect,Residential areas,Undivided Two way,Tangent road with flat terrain,Y,Asphalt roads,Dry,Darkness - lights lit,Normal,Vehicle with vehicle collision,2,1,Going straight,na,na,na,,,Not a Pedestrian,Driving carelessly,Slight Injury
8:00:00,Wednesday,31-50,Male,Junior high school,Employee,5-10yr,Lorry (41?100Q),Owner,Unknown,No defect,Market areas,Other,Tangent road with mountainous terrain and,T,Asphalt roads,Dry,Daylight,Normal,Vehicle with vehicle collision,2,1,Going straight,na,na,na,Driver,Normal,Not a Pedestrian,No distancing,Slight Injury
11:30:00,Wednesday,18-30,Male,Junior high school,Owner,5-10yr,Automobile,Owner,Above 10yr,No defect,Market areas,Two-way (divided with broken lines road marking),Tangent road with flat terrain,O,Asphalt roads,Dry,Daylight,Normal,Collision with roadside objects,1,1,Going straight,Passenger,Female,Under 18,Driver,Normal,Not a Pedestrian,Driving carelessly,Slight Injury
16:00:00,Thursday,31-50,Male,High school,Owner,5-10yr,Public (12 seats),Owner,Above 10yr,,Market areas,Two-way (divided with broken lines road marking),Tangent road with flat terrain,No junction,Asphalt roads,Dry,Daylight,Normal,Collision with roadside objects,1,2,Going straight,Driver or rider,Male,31-50,,,Not a Pedestrian,Driving to the left,Fatal injury
9:30:00,Monday,31-50,Male,Junior high school,Employee,5-10yr,Automobile,Owner,Unknown,,Market areas,Double carriageway (median),Steep grade downward with mountainous terrain ,X,Asphalt roads,Dry,Daylight,Normal,Vehicle with vehicle collision,1,2,Going straight,Pedestrian,Female,Under 18,Driver,Normal,Crossing from offside - masked by  parked or statioNot a Pedestrianry vehicle,Overtaking,Slight Injury
11:40:00,Friday,Over 51,Male,Junior high school,Employee,2-5yr,Automobile,,2-5yrs,,Residential areas,One way,Tangent road with flat terrain,No junction,Asphalt roads,Dry,Daylight,Normal,Vehicle with vehicle collision,2,1,Going straight,Pedestrian,Male,Over 51,Driver,Normal,Not a Pedestrian,No distancing,Fatal injury
21:00:00,Friday,18-30,Male,Elementary school,Employee,5-10yr,Lorry (41?100Q),Owner,Unknown,,Market areas,Two-way (divided with broken lines road marking),Tangent road with flat terrain,X,Asphalt roads,Dry,Daylight,Normal,Vehicle with vehicle collision,2,1,Going straight,Driver or rider,Female,18-30,Self-employed,Normal,Not a Pedestrian,Driving carelessly,Slight Injury
16:00:00,Saturday,31-50,Male,Junior high school,Employee,2-5yr,Automobile,Owner,2-5yrs,No defect,Market areas,Undivided Two way,Tangent road with flat terrain,No junction,Asphalt roads,Dry,Darkness - lights lit,Normal,Vehicle with vehicle collision,1,1,Going straight,Passenger,Female,18-30,Driver,Normal,Not a Pedestrian,No priority to vehicle,Serious Injury
10:00:00,Sunday,Unknown,Male,Junior high school,Employee,Below 1yr,Motorcycle,Owner,,,Market areas,Undivided Two way,Tangent road with flat terrain,Y,Asphalt roads,Dry,Daylight,Normal,Vehicle with vehicle collision,1,1,Going straight,Pedestrian,Female,Under 18,Driver,Normal,Crossing from nearside - masked by parked or statioNot a Pedestrianry vehicle,No priority to vehicle,Fatal injury
15:30:00,Sunday,Under 18,Male,Elementary school,Employee,2-5yr,,Owner,Unknown,No defect,Market areas,Other,Steep grade downward with mountainous terrain ,No junction,Asphalt roads,Dry,Darkness - lights lit,Normal,Vehicle with vehicle collision,2,1,Moving Backward,Pedestrian,Female,31-50,Driver,Normal,Crossing from nearside - masked by parked or statioNot a Pedestrianry vehicle,No priority to vehicle,Fatal injury
16:30:00,Wednesday,Unknown,Female,Junior high school,Employee,2-5yr,Automobile,Owner,Unknown,,Market areas,Two-way (divided with broken lines road marking),Tangent road with flat terrain,T,Asphalt roads,Dry,Daylight,Normal,Vehicle with vehicle collision,2,1,Going straight,Driver or rider,Male,Under 18,Driver,Normal,Not a Pedestrian,No priority to vehicle,Slight Injury
16:40:00,Thursday,31-50,Male,Junior high school,Employee,2-5yr,Automobile,Owner,Unknown,,Market areas,,Tangent road with flat terrain,T,Asphalt roads,Dry,Daylight,Normal,Vehicle with vehicle collision,1,1,Going straight,na,na,na,Driver,Normal,Not a Pedestrian,No distancing,Fatal injury
21:10:00,Thursday,31-50,Male,Junior high school,Employee,5-10yr,Automobile,Owner,Unknown,No defect,Market areas,Two-way (divided with broken lines road marking),Tangent road with flat terrain,X,Asphalt roads,Dry,Daylight,Normal,Vehicle with vehicle collision,1,1,Going straight,Pedestrian,Female,31-50,Driver,Normal,Not a Pedestrian,Moving Backward,Fatal injury
18:40:00,Thursday,31-50,Male,Junior high school,Employee,5-10yr,Public (> 45 seats),Governmental,Unknown,No defect,Residential areas,Two-way (divided with broken lines road marking),Tangent road with mountainous terrain and,Y,Asphalt roads,Dry,Darkness - lights unlit,Normal,Vehicle with vehicle collision,2,1,Going straight,Pedestrian,Female,Under 18,Driver,Normal,Not a Pedestrian,No distancing,Fatal injury
13:15:00,Saturday,18-30,Female,Junior high school,Employee,,,Governmental,Unknown,No defect,Market areas,Undivided Two way,Tangent road with flat terrain,Y,Asphalt roads,Dry,Daylight,Normal,Other,2,1,Going straight,Pedestrian,Female,Under 18,,,Crossing from nearside - masked by parked or statioNot a Pedestrianry vehicle,Changing lane to the left,Slight Injury
12:00:00,Friday,18-30,Male,Junior high school,Owner,5-10yr,Automobile,Owner,Unknown,No defect,Residential areas,Other,Tangent road with flat terrain,O,Asphalt roads,Dry,Darkness - lights lit,Normal,Vehicle with vehicle collision,1,1,Going straight,Pedestrian,Male,18-30,Driver,Normal,Unknown or other,Changing lane to the left,Fatal injury
11:30:00,Wednesday,Over 51,Male,Junior high school,Employee,2-5yr,Automobile,Owner,Unknown,No defect,Market areas,Two-way (divided with broken lines road marking),Tangent road with flat terrain,O,Asphalt roads,Dry,Daylight,Normal,Collision with roadside objects,1,1,Going straight,Driver or rider,Female,31-50,,,Not a Pedestrian,No priority to pedestrian,Fatal injury
6:20:00,Thursday,18-30,Male,Junior high school,Employee,Below 1yr,Other,Governmental,Unknown,No defect,Market areas,Two-way (divided with broken lines road marking),Tangent road with flat terrain,No junction,Asphalt roads,Dry,Daylight,Normal,Vehicle with vehicle collision,1,1,Going straight,Driver or rider,Male,31-50,Driver,Normal,Not a Pedestrian,Moving Backward,Fatal injury
8:00:00,Friday,18-30,Male,Junior high school,Employee,1-2yr,Stationwagen,Owner,Unknown,No defect,Market areas,Double carriageway (median),Tangent road with flat terrain,X,Asphalt roads,Dry,Daylight,Normal,Vehicle with vehicle collision,2,1,Going straight,Driver or rider,Male,Under 18,Other,Normal,Not a Pedestrian,Changing lane to the left,Fatal injury
19:40:00,Thursday,31-50,Male,Junior high school,Employee,Below 1yr,Lorry (41?100Q),Owner,Above 10yr,No defect,Market areas,Two-way (divided with broken lines road marking),Tangent road with flat terrain,No junction,Asphalt roads,Dry,Daylight,Normal,Vehicle with vehicle collision,2,1,Going straight,na,na,na,Self-employed,Normal,Not a Pedestrian,No distancing,Slight Injury
17:30:00,Sunday,Over 51,Male,Junior high school,Employee,Above 10yr,Taxi,Owner,Unknown,No defect,Market areas,Double carriageway (median),Tangent road with flat terrain,X,Asphalt roads,Dry,Darkness - lights lit,Normal,Vehicle with vehicle collision,3,1,Going straight,Driver or rider,Male,Under 18,Driver,Normal,Not a Pedestrian,No priority to vehicle,Fatal injury
8:00:00,Sunday,Unknown,Female,Junior high school,Employee,Below 1yr,Other,Owner,Above 10yr,No defect,Market areas,Two-way (divided with broken lines road marking),Tangent road with mild grade and flat terrain,No junction,Asphalt roads,Dry,Daylight,Normal,Vehicle with vehicle collision,3,1,Going straight,na,na,na,,,Not a Pedestrian,Changing lane to the right,Slight Injury
18:00:00,Monday,Over 51,Male,Junior high school,Employee,2-5yr,Public (12 seats),Owner,1-2yr,No defect,Market areas,Double carriageway (median),Tangent road with flat terrain,No junction,Asphalt roads,Dry,Daylight,Normal,Vehicle with vehicle collision,3,1,Going straight,Passenger,Female,31-50,Self-employed,Normal,Not a Pedestrian,No distancing,Fatal injury
11:10:00,Tuesday,31-50,Male,Junior high school,Employee,1-2yr,Automobile,Owner,Unknown,No defect,Market areas,Two-way (divided with broken lines road marking),Tangent road with mild grade and flat terrain,X,Asphalt roads,Dry,Daylight,Normal,Collision with roadside objects,1,1,Going straight,Driver or rider,Male,31-50,,,Not a Pedestrian,No distancing,Slight Injury
5:35:00,Tuesday,Under 18,Male,Elementary school,Employee,5-10yr,Automobile,Owner,2-5yrs,No defect,Market areas,Two-way (divided with broken lines road marking),Steep grade downward with mountainous terrain ,No junction,Asphalt roads,Dry,Daylight,Normal,Collision with roadside objects,1,1,Going straight,Pedestrian,Male,Under 18,,,Not a Pedestrian,Getting off the vehicle improperly,Slight Injury
11:30:00,Tuesday,31-50,Male,Junior high school,Owner,Below 1yr,Public (13?45 seats),Owner,Unknown,No defect,Market areas,Other,Tangent road with flat terrain,X,Asphalt roads,Dry,Daylight,Normal,Vehicle with vehicle collision,1,1,Going straight,na,na,na,Driver,,Not a Pedestrian,No priority to pedestrian,Fatal injury
14:50:00,Friday,31-50,Male,Junior high school,Employee,Below 1yr,Lorry (41?100Q),Owner,Unknown,No defect,Office areas,Undivided Two way,Tangent road with flat terrain,No junction,Asphalt roads,Dry,Daylight,Normal,Collision with roadside objects,2,6,Going straight,Driver or rider,Male,31-50,,,Not a Pedestrian,Changing lane to the left,Fatal injury
19:30:00,Thursday,31-50,Male,Writing & reading,Employee,Below 1yr,Lorry (41?100Q),Owner,Unknown,No defect,Market areas,Undivided Two way,Tangent road with flat terrain,X,Asphalt roads,Dry,Daylight,Normal,Collision with roadside objects,2,6,Reversing,Passenger,Female,18-30,Unemployed,Normal,Not a Pedestrian,No distancing,Fatal injury
19:40:00,Thursday,31-50,Male,Junior high school,Employee,1-2yr,Lorry (11?40Q),Owner,Unknown,No defect,Residential areas,Undivided Two way,Tangent road with flat terrain,Y,Asphalt roads,Dry,Daylight,Normal,Vehicle with vehicle collision,2,6,Going straight,Passenger,Female,31-50,Driver,Normal,Not a Pedestrian,Driving carelessly,Fatal injury
11:20:00,Tuesday,31-50,Male,Elementary school,Owner,5-10yr,Motorcycle,Owner,2-5yrs,No defect,Church areas,Two-way (divided with broken lines road marking),Tangent road with flat terrain,X,Asphalt roads,Dry,Darkness - lights lit,Normal,Vehicle with vehicle collision,2,6,Going straight,Passenger,Male,18-30,Driver,Normal,Not a Pedestrian,No distancing,Fatal injury
11:00:00,Thursday,31-50,Male,Junior high school,Employee,2-5yr,Lorry (41?100Q),Owner,,,Office areas,Undivided Two way,Tangent road with flat terrain,Y,Asphalt roads,Dry,Daylight,Normal,Collision with roadside objects,2,6,Going straight,na,na,na,Driver,Normal,Not a Pedestrian,Changing lane to the right,Fatal injury
17:30:00,Saturday,Unknown,Male,Junior high school,Owner,Below 1yr,Stationwagen,Owner,Unknown,,Market areas,Two-way (divided with broken lines road marking),Tangent road with flat terrain,No junction,Asphalt roads,Dry,Daylight,Normal,Vehicle with vehicle collision,2,6,Unknown,Driver or rider,Male,Over 51,,,Not a Pedestrian,Overtaking,Fatal injury
9:20:00,Saturday,18-30,Male,Writing & reading,Employee,5-10yr,Automobile,Owner,Above 10yr,,Market areas,Undivided Two way,Steep grade downward with mountainous terrain ,O,Asphalt roads,Dry,Daylight,Normal,Vehicle with vehicle collision,1,1,Going straight,Passenger,Male,Over 51,Driver,Normal,Not a Pedestrian,Driving carelessly,Slight Injury
22:30:00,Sunday,31-50,Male,Writing & reading,Employee,5-10yr,Other,Owner,Unknown,,Market areas,Two-way (divided with broken lines road marking),Tangent road with flat terrain,O,Asphalt roads,Dry,Daylight,Normal,Vehicle with vehicle collision,3,1,Going straight,Pedestrian,Female,Under 18,Driver,Normal,Not a Pedestrian,Moving Backward,Fatal injury
15:40:00,Sunday,Unknown,Male,Junior high school,Employee,5-10yr,Other,Organization,Unknown,,Market areas,Two-way (divided with broken lines road marking),Tangent road with flat terrain,No junction,Asphalt roads,Dry,Daylight,Normal,Vehicle with vehicle collision,3,1,Going straight,na,na,na,Self-employed,Normal,Not a Pedestrian,No distancing,Fatal injury
16:45:00,Wednesday,Unknown,Female,Junior high school,Employee,2-5yr,Taxi,Owner,1-2yr,No defect,Market areas,Two-way (divided with broken lines road marking),Tangent road with flat terrain,T,Asphalt roads,Dry,Daylight,Normal,Vehicle with vehicle collision,3,1,Going straight,Driver or rider,Male,18-30,Driver,Normal,Not a Pedestrian,Overtaking,Slight Injury
17:00:00,Wednesday,18-30,Male,Junior high school,Employee,Above 10yr,Automobile,Owner,Above 10yr,,Market areas,Undivided Two way,Tangent road with flat terrain,Y,Asphalt roads,Dry,Daylight,Normal,Vehicle with vehicle collision,2,1,Going straight,na,na,na,,,Not a Pedestrian,Driving carelessly,Fatal injury
19:30:00,Thursday,18-30,Male,Junior high school,Employee,5-10yr,Long lorry,Owner,5-10yrs,,Market areas,Undivided Two way,Tangent road with flat terrain,X,Asphalt roads,Dry,Daylight,Normal,Collision with pedestrians,2,1,Going straight,Driver or rider,Male,18-30,Unknown,Normal,Not a Pedestrian,Driving carelessly,Fatal injury
8:30:00,Saturday,Over 51,Male,Junior high school,Employee,Above 10yr,Long lorry,Owner,5-10yrs,,Residential areas,Undivided Two way,Tangent road with flat terrain,No junction,Asphalt roads,Dry,Darkness - lights lit,Normal,Vehicle with vehicle collision,2,1,Unknown,na,na,na,Driver,Normal,Not a Pedestrian,Moving Backward,Slight Injury
19:00:00,Saturday,31-50,Male,Junior high school,Employee,2-5yr,Lorry (41?100Q),Owner,Unknown,No defect,Market areas,Other,Tangent road with flat terrain,No junction,Asphalt roads,Dry,Daylight,Normal,Collision with roadside objects,2,1,Moving Backward,Driver or rider,Female,18-30,,,Not a Pedestrian,Driving carelessly,Slight Injury
11:00:00,Saturday,31-50,Male,Junior high school,Employee,Below 1yr,Lorry (41?100Q),Owner,5-10yrs,No defect,Residential areas,Undivided Two way,Tangent road with flat terrain,X,Asphalt roads,Dry,Daylight,Normal,Vehicle with vehicle collision,2,1,Going straight,na,na,na,Driver,Normal,Not a Pedestrian,Driving to the left,Fatal injury
15:15:00,Tuesday,18-30,Male,Junior high school,Employee,Below 1yr,Lorry (11?40Q),Owner,Unknown,,Market areas,Two-way (divided with solid lines road marking),Tangent road with flat terrain,Y,Asphalt roads,Dry,Daylight,Normal,Vehicle with vehicle collision,2,1,Turnover,Driver or rider,Male,31-50,Other,Normal,Not a Pedestrian,Changing lane to the left,Fatal injury
18:30:00,Tuesday,31-50,Male,Junior high school,Owner,5-10yr,Automobile,Owner,Unknown,No defect,Market areas,Two-way (divided with solid lines road marking),Tangent road with flat terrain,X,Asphalt roads,Dry,Daylight,Normal,Vehicle with vehicle collision,2,1,Turnover,Passenger,Female,18-30,Other,Normal,Not a Pedestrian,No distancing,Fatal injury
18:00:00,Monday,18-30,Male,Junior high school,Employee,2-5yr,Taxi,Governmental,,No defect,Market areas,Two-way (divided with solid lines road marking),Tangent road with flat terrain,Y,Asphalt roads,Dry,Daylight,Normal,Vehicle with vehicle collision,2,1,Reversing,na,na,na,Self-employed,Normal,Not a Pedestrian,No distancing,Slight Injury
12:30:00,Friday,31-50,Male,Elementary school,Employee,Below 1yr,Other,Owner,Unknown,No defect,Market areas,Two-way (divided with solid lines road marking),Tangent road with flat terrain,No junction,Asphalt roads,Dry,Darkness - lights unlit,Normal,Vehicle with vehicle collision,3,2,Reversing,Pedestrian,Male,18-30,Driver,Normal,Unknown or other,Changing lane to the right,Slight Injury
10:30:00,Saturday,Over 51,Male,Junior high school,Employee,2-5yr,Automobile,Owner,Unknown,No defect,Residential areas,Two-way (divided with broken lines road marking),Tangent road with flat terrain,O,Other,Dry,Daylight,Normal,Vehicle with vehicle collision,3,2,Reversing,Pedestrian,Female,Under 18,Driver,Normal,Not a Pedestrian,Driving under the influence of drugs,Slight Injury
19:30:00,Saturday,31-50,Male,Junior high school,Employee,5-10yr,Automobile,Owner,Above 10yr,No defect,Market areas,Undivided Two way,Tangent road with flat terrain,O,Asphalt roads,Dry,Daylight,Normal,Vehicle with vehicle collision,3,2,Moving Backward,na,na,na,Driver,Normal,Not a Pedestrian,Changing lane to the right,Serious Injury
9:20:00,Sunday,18-30,Male,High school,Employee,Above 10yr,Automobile,Governmental,5-10yrs,No defect,Market areas,Undivided Two way,Gentle horizontal curve,No junction,Asphalt roads,Dry,Darkness - lights lit,Normal,Vehicle with vehicle collision,2,1,Going straight,Driver or rider,Female,Over 51,,,Not a Pedestrian,Changing lane to the left,Fatal injury
16:30:00,Monday,Unknown,Male,High school,Employee,Above 10yr,Automobile,Owner,5-10yrs,No defect,Market areas,Other,Tangent road with flat terrain,O,Asphalt roads,Dry,Daylight,Normal,Vehicle with vehicle collision,2,1,Going straight,Pedestrian,Male,31-50,,,Not a Pedestrian,Moving Backward,Slight Injury
15:30:00,Monday,31-50,Male,Junior high school,Employee,5-10yr,Public (> 45 seats),Owner,Above 10yr,No defect,Market areas,Undivided Two way,Tangent road with flat terrain,O,Asphalt roads,Dry,Daylight,Normal,Collision with roadside objects,2,1,Going straight,na,na,na,Driver,Normal,Not a Pedestrian,No distancing,Slight Injury
18:30:00,Wednesday,31-50,Male,Elementary school,Employee,1-2yr,Lorry (11?40Q),,1-2yr,No defect,Market areas,Two-way (divided with broken lines road marking),Tangent road with mild grade and flat terrain,O,Asphalt roads,Dry,Daylight,Normal,Vehicle with vehicle collision,2,1,Going straight,Driver or rider,Male,31-50,Other,Normal,Not a Pedestrian,Changing lane to the right,Fatal injury
14:30:00,Wednesday,31-50,Male,Elementary school,Employee,5-10yr,Lorry (41?100Q),Owner,Above 10yr,No defect,Market areas,Undivided Two way,Gentle horizontal curve,No junction,Asphalt roads,Dry,Darkness - lights lit,Normal,Collision with roadside objects,2,1,Going straight,Driver or rider,Male,Under 18,Driver,Normal,Not a Pedestrian,Moving Backward,Fatal injury
7:00:00,Wednesday,18-30,Male,Junior high school,Employee,5-10yr,Lorry (41?100Q),Owner,Above 10yr,No defect,Market areas,Undivided Two way,Tangent road with flat terrain,X,Asphalt roads,Dry,Daylight,Normal,Vehicle with vehicle collision,2,1,Going straight,na,na,na,,,Not a Pedestrian,No distancing,Fatal injury
14:00:00,Friday,18-30,Male,Junior high school,Employee,1-2yr,Stationwagen,Owner,Above 10yr,No defect,Market areas,One way,Tangent road with flat terrain,No junction,Asphalt roads,Dry,Daylight,Normal,Vehicle with vehicle collision,2,1,Going straight,na,na,na,Driver,Normal,Not a Pedestrian,Driving to the left,Slight Injury
8:00:00,Thursday,31-50,Male,Junior high school,Owner,5-10yr,Other,Owner,Above 10yr,No defect,Residential areas,Two-way (divided with broken lines road marking),Tangent road with flat terrain,X,Asphalt roads,Dry,Daylight,Normal,Vehicle with vehicle collision,2,1,Going straight,Driver or rider,Male,31-50,Driver,Normal,Not a Pedestrian,Driving to the left,Slight Injury
17:00:00,Saturday,18-30,Male,High school,Owner,Above 10yr,Automobile,Owner,5-10yrs,No defect,Market areas,Undivided Two way,Tangent road with mild grade and flat terrain,No junction,Asphalt roads,Dry,Daylight,Normal,Collision with pedestrians,1,1,Going straight,Passenger,Female,Over 51,Employee,Normal,Not a Pedestrian,Moving Backward,Fatal injury
10:00:00,Wednesday,18-30,Male,,Owner,Below 1yr,Pick up upto 10Q,Owner,,No defect,Office areas,Two-way (divided with broken lines road marking),Tangent road with flat terrain,No junction,Asphalt roads,Dry,Daylight,Normal,Vehicle with vehicle collision,2,1,Turnover,Passenger,Female,31-50,,,Not a Pedestrian,Moving Backward,Fatal injury
9:00:00,Thursday,18-30,Male,Writing & reading,Owner,5-10yr,Motorcycle,Owner,1-2yr,No defect,Market areas,Other,Tangent road with flat terrain,T,Asphalt roads,Dry,Daylight,Normal,Vehicle with vehicle collision,2,1,Going straight,Passenger,Male,Under 18,Student,Normal,Not a Pedestrian,Overtaking,Fatal injury
20:20:00,Friday,31-50,Male,Above high school,Employee,Above 10yr,Automobile,Owner,5-10yrs,No defect,Market areas,Undivided Two way,Tangent road with flat terrain,T,Asphalt roads,Dry,Daylight,Normal,Vehicle with vehicle collision,2,1,Moving Backward,Passenger,Female,Under 18,Driver,Normal,Not a Pedestrian,Driving carelessly,Fatal injury
19:40:00,Monday,31-50,Male,High school,Employee,Below 1yr,Pick up upto 10Q,Owner,5-10yrs,No defect,Market areas,One way,Tangent road with flat terrain,No junction,Asphalt roads,Dry,Darkness - lights lit,Normal,Collision with pedestrians,2,1,Going straight,Driver or rider,Female,31-50,Self-employed,Normal,Not a Pedestrian,Changing lane to the left,Fatal injury
20:00:00,Wednesday,Unknown,Male,Junior high school,Employee,1-2yr,Motorcycle,Owner,1-2yr,No defect,Recreational areas,Undivided Two way,Tangent road with flat terrain,T,Asphalt roads,Dry,Darkness - lights lit,Normal,Collision with roadside objects,3,2,Going straight,na,na,na,Self-employed,Normal,Not a Pedestrian,Driving under the influence of drugs,Fatal injury
16:00:00,Thursday,18-30,Male,Junior high school,Employee,Above 10yr,Stationwagen,Owner,2-5yrs,No defect,Market areas,Undivided Two way,Tangent road with mild grade and flat terrain,No junction,Asphalt roads,Dry,Darkness - lights lit,Normal,Vehicle with vehicle collision,3,2,Moving Backward,na,na,na,Driver,Normal,Not a Pedestrian,No distancing,Slight Injury
19:00:00,Friday,18-30,Male,Junior high school,Owner,Above 10yr,Lorry (41?100Q),Owner,5-10yrs,No defect,Market areas,One way,Tangent road with flat terrain,Y,Asphalt roads,Dry,Daylight,Normal,Vehicle with vehicle collision,3,2,Going straight,Driver or rider,Male,18-30,,,Not a Pedestrian,Moving Backward,Fatal injury
18:00:00,Saturday,Unknown,Male,Junior high school,Employee,Above 10yr,Taxi,Owner,5-10yrs,No defect,Market areas,Undivided Two way,Tangent road with flat terrain,Y,Asphalt roads,Dry,Darkness - lights lit,Cloudy,Vehicle with vehicle collision,2,1,Going straight,Driver or rider,Male,18-30,Driver,Normal,Not a Pedestrian,Changing lane to the left,Slight Injury
23:30:00,Tuesday,31-50,Female,Junior high school,Employee,No Licence,Automobile,Owner,1-2yr,No defect,Market areas,Two-way (divided with broken lines road marking),Tangent road with flat terrain,Y,Asphalt roads,Dry,Daylight,Cloudy,Vehicle with vehicle collision,2,1,Waiting to go,na,na,na,Driver,Normal,Not a Pedestrian,Changing lane to the right,Fatal injury
23:30:00,Tuesday,18-30,Male,Junior high school,Employee,1-2yr,Long lorry,Owner,1-2yr,No defect,Market areas,Two-way (divided with broken lines road marking),Tangent road with flat terrain,+,Asphalt roads,Dry,Daylight,Cloudy,Vehicle with vehicle collision,2,1,Moving Backward,na,na,na,Self-employed,Normal,Not a Pedestrian,No distancing,Fatal injury